INSERT INTO type_info (id, title, note, create_time) VALUES (1, '股票', null, '2024-07-14 16:45:18');
INSERT INTO type_info (id, title, note, create_time) VALUES (2, '星座', null, '2024-07-14 16:51:00');
INSERT INTO type_info (id, title, note, create_time) VALUES (3, '算命', null, '2024-07-14 16:51:09');
INSERT INTO type_info (id, title, note, create_time) VALUES (4, '长寿', null, '2024-07-14 16:51:43');
INSERT INTO type_info (id, title, note, create_time) VALUES (5, '抑郁', null, '2024-07-14 16:51:54');
INSERT INTO type_info (id, title, note, create_time) VALUES (6, '智商', null, '2024-07-14 16:52:10');
INSERT INTO type_info (id, title, note, create_time) VALUES (9, '情商', null, '2024-07-16 11:30:14');


INSERT INTO topic_info (id, sex, price, type_id, type, title, if_choice, if_hot, mental_Health, image_url, context, note, create_time) VALUES (2, 0, 5.0, 4, '长寿', '长寿测试', 1, 1, 1, '1720796178176.jpg', '测试常识', '', '2024-06-23 00:52:56');
INSERT INTO topic_info (id, sex, price, type_id, type, title, if_choice, if_hot, mental_Health, image_url, context, note, create_time) VALUES (3, 0, 20.0, 2, '星座', '测星座匹配', 1, 1, 1, '1721564587896.png', '星座测试', '小明', '2024-06-23 13:12:39');
INSERT INTO topic_info (id, sex, price, type_id, type, title, if_choice, if_hot, mental_Health, image_url, context, note, create_time) VALUES (7, 0, 0.0, 6, '智商', '联合型瑞文测试 CRT', 1, 1, 1, '1720949535493.jpg', '本测试题答对一题给 1 分，答错为 0 分，然后将总分相加，即得
到原始分数。', '1、智力测验与多种因素有关，波动范围大约在 3 至 10 分左右。
2、在 6 个月内重测会因为记忆效应而测不准。
3、此测验请勿特意寻求正确答案，这样就不会影响后测的效度。
4、经常做智力游戏题的人，在各种智力测验中的分数都有可能提高。
5、本智力测验分数不能代表未来成就大小。', '2024-06-30 22:02:35');
INSERT INTO topic_info (id, sex, price, type_id, type, title, if_choice, if_hot, mental_Health, image_url, context, note, create_time) VALUES (8, 0, 30.0, 1, '股票', '股票悟道程度测试题', 1, 1, 1, '1720949515179.jpg', '通过对游资大佬的经验总结分析出得到的一些问题，进行解答后可分析出股民的悟道层度', '准确率很高，大佬都用过', '2024-07-03 23:22:07');
INSERT INTO topic_info (id, sex, price, type_id, type, title, if_choice, if_hot, mental_Health, image_url, context, note, create_time) VALUES (12, 0, 0.0, 9, '情商', '标准情商（EQ）测试', 1, 1, 1, '1721101379088.png', 'EQ情绪商数是一个度量情绪能力的指标。情商不同于智商，它不是天生注定的，而是5种可以学习的能力组成： 美国心理学家认为，情商包括以下几个方面的内容：   一、是认识自身的情绪，只有认识自己，才能成为自己生活的主宰。   
二、是能妥善管理自己的情绪，即能调控自己。   
三、是自我激励，它能够使人走出生命中的低潮，重新出发。   
四、是认知他人的情绪，这是与他人正常交往，实现顺利沟通的基础。   
五、是人际关系的管理，即领导和管理能力。高情商者能是能清醒地把握自己的情感，敏锐感受并有效反馈他人情绪变化的人。情商决定了我们怎样才能充分而又完善地发挥我们所拥有的各种能力。通常，在大型企业公司的面试上，都会测试情商。情绪智慧，指人的乐观与悲观，急躁与冷静，大胆与恐惧，沉思与直觉等情绪反应的程度', '对同一事物，不同的人有不同的角度和感受。想知道你的情商有多高吗？为了不影响测试结果，请您如实回答以下问题。', '2024-07-16 11:46:38');


INSERT INTO question_info (id, topic_id, question, image_url, type, create_time) VALUES (5, 3, '请根据规律选择你认为应该符合的图片补充到对应缺口', '1719641322137.png', 1, '2024-06-23 19:56:10');
INSERT INTO question_info (id, topic_id, question, image_url, type, create_time) VALUES (9, 3, '请根据规律选择你认为应该符合的图片补充到对应缺口', '1719673707628.png', 1, '2024-06-23 22:26:18');
INSERT INTO question_info (id, topic_id, question, image_url, type, create_time) VALUES (19, 2, '乌龟能活多久', null, 2, '2024-06-25 14:25:47');
INSERT INTO question_info (id, topic_id, question, image_url, type, create_time) VALUES (20, 2, '人类最多活多少年', null, 1, '2024-06-25 17:19:41');
INSERT INTO question_info (id, topic_id, question, image_url, type, create_time) VALUES (22, 7, '选择合适的图填到空缺处', '1719817138607.png', 1, '2024-06-30 22:07:30');
INSERT INTO question_info (id, topic_id, question, image_url, type, create_time) VALUES (23, 7, '选择合适的图填到空缺处', '1719817127970.png', 1, '2024-06-30 22:09:24');
INSERT INTO question_info (id, topic_id, question, image_url, type, create_time) VALUES (24, 7, '选择合适的图填到空缺处', '1719817657900.png', 1, '2024-06-30 22:13:33');
INSERT INTO question_info (id, topic_id, question, image_url, type, create_time) VALUES (25, 7, '选择合适的图填到空缺处', '1719839780623.png', 1, '2024-06-30 22:16:41');
INSERT INTO question_info (id, topic_id, question, image_url, type, create_time) VALUES (26, 7, '选择合适的图填到空缺处', '1719817690352.png', 1, '2024-06-30 22:21:58');
INSERT INTO question_info (id, topic_id, question, image_url, type, create_time) VALUES (27, 7, '选择合适的图填到空缺处', '1719817709652.png', 1, '2024-06-30 22:25:19');
INSERT INTO question_info (id, topic_id, question, image_url, type, create_time) VALUES (28, 7, '选择合适的图填到空缺处', '1719817725663.png', 1, '2024-06-30 22:28:51');
INSERT INTO question_info (id, topic_id, question, image_url, type, create_time) VALUES (29, 7, '选择合适的图填到空缺处', '1719817745285.png', 1, '2024-06-30 23:02:39');
INSERT INTO question_info (id, topic_id, question, image_url, type, create_time) VALUES (30, 7, '选择合适的图填到空缺处', '1719817762170.png', 1, '2024-06-30 23:05:26');
INSERT INTO question_info (id, topic_id, question, image_url, type, create_time) VALUES (31, 7, '选择合适的图填到空缺处', '1719817781691.png', 1, '2024-06-30 23:08:26');
INSERT INTO question_info (id, topic_id, question, image_url, type, create_time) VALUES (32, 7, '选择合适的图填到空缺处', '1719817799213.png', 1, '2024-06-30 23:12:40');
INSERT INTO question_info (id, topic_id, question, image_url, type, create_time) VALUES (33, 7, '选择合适的图填到空缺处', '1719817814577.png', 1, '2024-06-30 23:15:20');
INSERT INTO question_info (id, topic_id, question, image_url, type, create_time) VALUES (34, 7, '选择合适的图填到空缺处', '1719817830233.png', 1, '2024-06-30 23:17:59');
INSERT INTO question_info (id, topic_id, question, image_url, type, create_time) VALUES (35, 7, '选择合适的图填到空缺处', '1719818144575.png', 1, '2024-06-30 23:20:44');
INSERT INTO question_info (id, topic_id, question, image_url, type, create_time) VALUES (36, 7, '选择合适的图填到空缺处', '1719818164207.png', 1, '2024-06-30 23:23:21');
INSERT INTO question_info (id, topic_id, question, image_url, type, create_time) VALUES (37, 7, '选择合适的图填到空缺处', '1719818197673.png', 1, '2024-06-30 23:25:58');
INSERT INTO question_info (id, topic_id, question, image_url, type, create_time) VALUES (38, 7, '选择合适的图填到空缺处', '1719818220316.png', 1, '2024-06-30 23:28:32');
INSERT INTO question_info (id, topic_id, question, image_url, type, create_time) VALUES (39, 7, '选择合适的图填到空缺处', '1719836464953.png', 1, '2024-06-30 23:30:49');
INSERT INTO question_info (id, topic_id, question, image_url, type, create_time) VALUES (40, 7, '选择合适的图填到空缺处', '1719836483491.png', 1, '2024-06-30 23:33:16');
INSERT INTO question_info (id, topic_id, question, image_url, type, create_time) VALUES (41, 7, '选择合适的图填到空缺处', '1719836509945.png', 1, '2024-06-30 23:35:59');
INSERT INTO question_info (id, topic_id, question, image_url, type, create_time) VALUES (42, 7, '选择合适的图填到空缺处', '1719836531997.png', 1, '2024-06-30 23:39:27');
INSERT INTO question_info (id, topic_id, question, image_url, type, create_time) VALUES (43, 7, '选择合适的图填到空缺处', '1719836569999.png', 1, '2024-06-30 23:41:52');
INSERT INTO question_info (id, topic_id, question, image_url, type, create_time) VALUES (44, 7, '选择合适的图填到空缺处', '1719836594461.png', 1, '2024-06-30 23:44:11');
INSERT INTO question_info (id, topic_id, question, image_url, type, create_time) VALUES (45, 7, '选择合适的图填到空缺处', '1719836614879.png', 1, '2024-06-30 23:47:21');
INSERT INTO question_info (id, topic_id, question, image_url, type, create_time) VALUES (46, 7, '选择合适的图填到空缺处', '1719836631223.png', 1, '2024-06-30 23:49:37');
INSERT INTO question_info (id, topic_id, question, image_url, type, create_time) VALUES (47, 7, '选择合适的图填到空缺处', '1719836651961.png', 1, '2024-06-30 23:52:50');
INSERT INTO question_info (id, topic_id, question, image_url, type, create_time) VALUES (48, 7, '选择合适的图填到空缺处', '1719836672139.png', 1, '2024-07-01 00:06:06');
INSERT INTO question_info (id, topic_id, question, image_url, type, create_time) VALUES (49, 7, '选择合适的图填到空缺处', '1719836694266.png', 1, '2024-07-01 11:20:23');
INSERT INTO question_info (id, topic_id, question, image_url, type, create_time) VALUES (50, 7, '选择合适的图填到空缺处', '1719836714840.png', 1, '2024-07-01 11:23:12');
INSERT INTO question_info (id, topic_id, question, image_url, type, create_time) VALUES (51, 7, '选择合适的图填到空缺处', '1719836735006.png', 1, '2024-07-01 11:25:41');
INSERT INTO question_info (id, topic_id, question, image_url, type, create_time) VALUES (52, 7, '选择合适的图填到空缺处', '1719836754330.png', 1, '2024-07-01 11:28:50');
INSERT INTO question_info (id, topic_id, question, image_url, type, create_time) VALUES (53, 7, '选择合适的图填到空缺处', '1719836784394.png', 1, '2024-07-01 11:31:55');
INSERT INTO question_info (id, topic_id, question, image_url, type, create_time) VALUES (54, 7, '选择合适的图填到空缺处', '1719836815910.png', 1, '2024-07-01 11:34:33');
INSERT INTO question_info (id, topic_id, question, image_url, type, create_time) VALUES (55, 7, '选择合适的图填到空缺处', '1719836844931.png', 1, '2024-07-01 11:36:52');
INSERT INTO question_info (id, topic_id, question, image_url, type, create_time) VALUES (56, 7, '选择合适的图填到空缺处', '1719836865549.png', 1, '2024-07-01 11:39:37');
INSERT INTO question_info (id, topic_id, question, image_url, type, create_time) VALUES (57, 7, '选择合适的图填到空缺处', '1719836894737.png', 1, '2024-07-01 11:42:53');
INSERT INTO question_info (id, topic_id, question, image_url, type, create_time) VALUES (58, 7, '选择合适的图填到空缺处', '1719836923794.png', 1, '2024-07-01 12:51:14');
INSERT INTO question_info (id, topic_id, question, image_url, type, create_time) VALUES (59, 7, '选择合适的图填到空缺处', '1719836949320.png', 1, '2024-07-01 12:54:57');
INSERT INTO question_info (id, topic_id, question, image_url, type, create_time) VALUES (60, 7, '选择合适的图填到空缺处', '1719836973711.png', 1, '2024-07-01 12:58:17');
INSERT INTO question_info (id, topic_id, question, image_url, type, create_time) VALUES (61, 7, '选择合适的图填到空缺处', '1719836997626.png', 1, '2024-07-01 13:09:20');
INSERT INTO question_info (id, topic_id, question, image_url, type, create_time) VALUES (62, 7, '选择合适的图填到空缺处', '1719837017989.png', 1, '2024-07-01 13:12:52');
INSERT INTO question_info (id, topic_id, question, image_url, type, create_time) VALUES (63, 7, '选择合适的图填到空缺处', '1719837043716.png', 1, '2024-07-01 13:16:14');
INSERT INTO question_info (id, topic_id, question, image_url, type, create_time) VALUES (64, 7, '选择合适的图填到空缺处', '1719837208055.png', 1, '2024-07-01 13:19:33');
INSERT INTO question_info (id, topic_id, question, image_url, type, create_time) VALUES (65, 7, '选择合适的图填到空缺处', '1719837344084.png', 1, '2024-07-01 13:22:43');
INSERT INTO question_info (id, topic_id, question, image_url, type, create_time) VALUES (66, 7, '选择合适的图填到空缺处', '1719837453491.png', 1, '2024-07-01 13:32:26');
INSERT INTO question_info (id, topic_id, question, image_url, type, create_time) VALUES (67, 7, '选择合适的图填到空缺处', '1719837549199.png', 1, '2024-07-01 13:35:43');
INSERT INTO question_info (id, topic_id, question, image_url, type, create_time) VALUES (68, 7, '选择合适的图填到空缺处', '1719837569803.png', 1, '2024-07-01 13:38:39');
INSERT INTO question_info (id, topic_id, question, image_url, type, create_time) VALUES (69, 7, '选择合适的图填到空缺处', '1719837587313.png', 1, '2024-07-01 13:41:37');
INSERT INTO question_info (id, topic_id, question, image_url, type, create_time) VALUES (70, 7, '选择合适的图填到空缺处', '1719837602349.png', 1, '2024-07-01 13:44:46');
INSERT INTO question_info (id, topic_id, question, image_url, type, create_time) VALUES (71, 7, '选择合适的图填到空缺处', '1719837620664.png', 1, '2024-07-01 13:47:42');
INSERT INTO question_info (id, topic_id, question, image_url, type, create_time) VALUES (72, 7, '选择合适的图填到空缺处', '1719837642977.png', 1, '2024-07-01 13:50:44');
INSERT INTO question_info (id, topic_id, question, image_url, type, create_time) VALUES (73, 7, '选择合适的图填到空缺处', '1719837681182.png', 1, '2024-07-01 13:53:45');
INSERT INTO question_info (id, topic_id, question, image_url, type, create_time) VALUES (74, 7, '选择合适的图填到空缺处', '1719837694359.png', 1, '2024-07-01 13:57:22');
INSERT INTO question_info (id, topic_id, question, image_url, type, create_time) VALUES (75, 7, '选择合适的图填到空缺处', '1719837711544.png', 1, '2024-07-01 14:00:13');
INSERT INTO question_info (id, topic_id, question, image_url, type, create_time) VALUES (76, 7, '选择合适的图填到空缺处', '1719837727663.png', 1, '2024-07-01 14:03:22');
INSERT INTO question_info (id, topic_id, question, image_url, type, create_time) VALUES (77, 7, '选择合适的图填到空缺处', '1719837743403.png', 1, '2024-07-01 14:06:01');
INSERT INTO question_info (id, topic_id, question, image_url, type, create_time) VALUES (78, 7, '选择合适的图填到空缺处', '1719837756825.png', 1, '2024-07-01 14:09:47');
INSERT INTO question_info (id, topic_id, question, image_url, type, create_time) VALUES (79, 7, '选择合适的图填到空缺处', '1719837769017.png', 1, '2024-07-01 14:13:10');
INSERT INTO question_info (id, topic_id, question, image_url, type, create_time) VALUES (80, 7, '选择合适的图填到空缺处', '1719837785159.png', 1, '2024-07-01 14:15:56');
INSERT INTO question_info (id, topic_id, question, image_url, type, create_time) VALUES (81, 7, '选择合适的图填到空缺处', '1719837799509.png', 1, '2024-07-01 14:18:53');
INSERT INTO question_info (id, topic_id, question, image_url, type, create_time) VALUES (82, 7, '选择合适的图填到空缺处', '1719837840536.png', 1, '2024-07-01 14:22:01');
INSERT INTO question_info (id, topic_id, question, image_url, type, create_time) VALUES (83, 7, '选择合适的图填到空缺处', '1719837853364.png', 1, '2024-07-01 14:24:55');
INSERT INTO question_info (id, topic_id, question, image_url, type, create_time) VALUES (84, 7, '选择合适的图填到空缺处', '1719837871031.png', 1, '2024-07-01 14:27:28');
INSERT INTO question_info (id, topic_id, question, image_url, type, create_time) VALUES (85, 7, '选择合适的图填到空缺处', '1719837924463.png', 1, '2024-07-01 14:30:42');
INSERT INTO question_info (id, topic_id, question, image_url, type, create_time) VALUES (86, 7, '选择合适的图填到空缺处', '1719837940187.png', 1, '2024-07-01 14:33:23');
INSERT INTO question_info (id, topic_id, question, image_url, type, create_time) VALUES (87, 7, '选择合适的图填到空缺处', '1719837953900.png', 1, '2024-07-01 14:36:42');
INSERT INTO question_info (id, topic_id, question, image_url, type, create_time) VALUES (88, 7, '选择合适的图填到空缺处', '1719837981841.png', 1, '2024-07-01 14:39:31');
INSERT INTO question_info (id, topic_id, question, image_url, type, create_time) VALUES (89, 7, '选择合适的图填到空缺处', '1719838004169.png', 1, '2024-07-01 14:42:10');
INSERT INTO question_info (id, topic_id, question, image_url, type, create_time) VALUES (90, 7, '选择合适的图填到空缺处', '1719838020498.png', 1, '2024-07-01 14:45:00');
INSERT INTO question_info (id, topic_id, question, image_url, type, create_time) VALUES (91, 7, '选择合适的图填到空缺处', '1719838052572.png', 1, '2024-07-01 14:47:58');
INSERT INTO question_info (id, topic_id, question, image_url, type, create_time) VALUES (92, 7, '选择合适的图填到空缺处', '1719838071743.png', 1, '2024-07-01 14:50:34');
INSERT INTO question_info (id, topic_id, question, image_url, type, create_time) VALUES (93, 7, '选择合适的图填到空缺处', '1719838088427.png', 1, '2024-07-01 14:52:59');
INSERT INTO question_info (id, topic_id, question, image_url, type, create_time) VALUES (94, 2, 'dsdfsdfsd ', null, 1, '2024-07-01 15:02:32');
INSERT INTO question_info (id, topic_id, question, image_url, type, create_time) VALUES (95, 2, 'asdasd a', null, 1, '2024-07-01 15:05:42');
INSERT INTO question_info (id, topic_id, question, image_url, type, create_time) VALUES (96, 8, '你从事证券类交易的时间？', '', 1, '2024-07-06 16:35:47');
INSERT INTO question_info (id, topic_id, question, image_url, type, create_time) VALUES (97, 8, '你的证券账户连续盈利超过三个月的次数？', '', 1, '2024-07-06 16:37:13');
INSERT INTO question_info (id, topic_id, question, image_url, type, create_time) VALUES (98, 8, '你有没有分析本月交割单的习惯？', '', 1, '2024-07-06 16:38:11');
INSERT INTO question_info (id, topic_id, question, image_url, type, create_time) VALUES (99, 8, '你是否有空仓的习惯？', '', 1, '2024-07-06 16:38:40');
INSERT INTO question_info (id, topic_id, question, image_url, type, create_time) VALUES (100, 8, '你是否有分仓购入股票习惯？', '', 1, '2024-07-06 16:39:32');
INSERT INTO question_info (id, topic_id, question, image_url, type, create_time) VALUES (101, 8, '你是否进行过熵减行为，例如：戒烟、减肥等，需要长时间坚持的事', '', 1, '2024-07-06 16:42:17');
INSERT INTO question_info (id, topic_id, question, image_url, type, create_time) VALUES (102, 8, '在没有持续盈利前，你每天用于股票交易分析思考的时间？', '', 1, '2024-07-06 16:43:46');
INSERT INTO question_info (id, topic_id, question, image_url, type, create_time) VALUES (103, 8, '你每个交易日盯盘的时间？', '', 1, '2024-07-06 16:44:52');
INSERT INTO question_info (id, topic_id, question, image_url, type, create_time) VALUES (104, 8, '你是不是职业交易者？', '', 1, '2024-07-06 16:45:23');
INSERT INTO question_info (id, topic_id, question, image_url, type, create_time) VALUES (105, 8, '在持续盈利前 ，你是否有每天复盘的习惯？', '', 1, '2024-07-06 16:45:52');
INSERT INTO question_info (id, topic_id, question, image_url, type, create_time) VALUES (106, 8, '你重仓买入股票以后，会不会产生焦虑感？', '', 1, '2024-07-06 16:48:25');
INSERT INTO question_info (id, topic_id, question, image_url, type, create_time) VALUES (107, 8, '你的持仓比例达到多少时会产生焦虑？', '', 1, '2024-07-06 16:50:40');
INSERT INTO question_info (id, topic_id, question, image_url, type, create_time) VALUES (108, 8, '你觉得A股节假日休市天数多么？', '', 1, '2024-07-06 16:51:50');
INSERT INTO question_info (id, topic_id, question, image_url, type, create_time) VALUES (109, 8, '你认为“永远满仓，永远热泪盈眶”对么？', '', 1, '2024-07-06 16:52:38');
INSERT INTO question_info (id, topic_id, question, image_url, type, create_time) VALUES (110, 8, '你是否有观看股评老师的习惯？', '', 1, '2024-07-06 16:53:26');
INSERT INTO question_info (id, topic_id, question, image_url, type, create_time) VALUES (111, 8, '观看股评老师时，是否因为他们的说法改变自己坚持的观点？', '', 1, '2024-07-06 16:54:24');
INSERT INTO question_info (id, topic_id, question, image_url, type, create_time) VALUES (112, 8, '有一句话“不是每一次行情你都能看懂的”，你认同这句话么？', '', 1, '2024-07-06 16:55:19');
INSERT INTO question_info (id, topic_id, question, image_url, type, create_time) VALUES (113, 8, '当你有看不懂的行情时，但你又认为有机会，你会选择交易还是空仓？', '', 1, '2024-07-06 16:56:35');
INSERT INTO question_info (id, topic_id, question, image_url, type, create_time) VALUES (114, 8, '在你的交易生涯中，你腰斩过几次？', '', 1, '2024-07-06 16:57:49');
INSERT INTO question_info (id, topic_id, question, image_url, type, create_time) VALUES (115, 8, '你的账户用于交易的资金量是多少？', '', 1, '2024-07-06 16:59:21');
INSERT INTO question_info (id, topic_id, question, image_url, type, create_time) VALUES (116, 8, '你在市场中是否全仓翻倍过？', '', 1, '2024-07-06 16:59:57');
INSERT INTO question_info (id, topic_id, question, image_url, type, create_time) VALUES (117, 8, '如果你是短线爱好者，你是否总是在涨跌停上买卖股票？', '', 1, '2024-07-06 17:01:18');
INSERT INTO question_info (id, topic_id, question, image_url, type, create_time) VALUES (118, 8, '你的翻倍收益是源于某支股票快速连扳获得，还是源于持续上涨的大行情坚定持仓获得？', '', 1, '2024-07-06 17:03:58');
INSERT INTO question_info (id, topic_id, question, image_url, type, create_time) VALUES (119, 8, '你是否有加杠杆的习惯？', '', 1, '2024-07-06 17:05:57');
INSERT INTO question_info (id, topic_id, question, image_url, type, create_time) VALUES (120, 8, '你是否有属于自己的交易模式？', '', 1, '2024-07-06 17:12:44');
INSERT INTO question_info (id, topic_id, question, image_url, type, create_time) VALUES (121, 8, '你自己的交易模式是否让你持续盈利超过6个月？', '', 1, '2024-07-06 17:13:17');
INSERT INTO question_info (id, topic_id, question, image_url, type, create_time) VALUES (122, 8, '你是否坚持认为股市里是有庄家存在的？', '', 1, '2024-07-06 17:13:55');
INSERT INTO question_info (id, topic_id, question, image_url, type, create_time) VALUES (123, 8, '你是否认为A股是可以由某个大资金操控的？', '', 1, '2024-07-06 17:14:53');
INSERT INTO question_info (id, topic_id, question, image_url, type, create_time) VALUES (124, 8, '你是用手机看盘还是用电脑看盘？', '', 1, '2024-07-06 17:15:39');
INSERT INTO question_info (id, topic_id, question, image_url, type, create_time) VALUES (125, 8, '当某支龙头股票跌停的时候，你是否有抄底的冲动？', '', 1, '2024-07-06 17:17:05');
INSERT INTO question_info (id, topic_id, question, image_url, type, create_time) VALUES (126, 8, '你是否经常有持有的股票猛烈上涨后卖出的冲动，而不是坚持自己持有的计划？', '', 1, '2024-07-06 17:19:32');
INSERT INTO question_info (id, topic_id, question, image_url, type, create_time) VALUES (127, 8, '你是否有经常做T的习惯？', '', 1, '2024-07-06 17:20:59');
INSERT INTO question_info (id, topic_id, question, image_url, type, create_time) VALUES (128, 8, '我国证券交易印花税是多少?', '', 1, '2024-07-06 17:22:03');
INSERT INTO question_info (id, topic_id, question, image_url, type, create_time) VALUES (129, 8, '你是否收到过证券交易所发出的警示函？', '', 1, '2024-07-06 17:26:10');
INSERT INTO question_info (id, topic_id, question, image_url, type, create_time) VALUES (130, 8, '你产生交易的时间在哪一段？', '', 1, '2024-07-06 17:27:40');
INSERT INTO question_info (id, topic_id, question, image_url, type, create_time) VALUES (131, 8, '你会不会去排隔夜单，涨停买入或者跌停卖出？', '', 1, '2024-07-06 17:28:21');
INSERT INTO question_info (id, topic_id, question, image_url, type, create_time) VALUES (132, 8, '你知不知道每个券商都有vip通道？', '', 1, '2024-07-06 17:29:29');
INSERT INTO question_info (id, topic_id, question, image_url, type, create_time) VALUES (133, 8, '你是否知道有一些券商的vip通道分上交所和深交所？', '', 1, '2024-07-06 17:30:35');
INSERT INTO question_info (id, topic_id, question, image_url, type, create_time) VALUES (134, 8, '当你以涨停价买入时，你是扫板买入还是排板买入？', '', 1, '2024-07-06 17:31:39');
INSERT INTO question_info (id, topic_id, question, image_url, type, create_time) VALUES (135, 8, '是什么原因让你在涨停板上买入股票？', '', 1, '2024-07-06 17:33:21');
INSERT INTO question_info (id, topic_id, question, image_url, type, create_time) VALUES (136, 8, '你打板时是否用打板神器？', '', 1, '2024-07-06 17:34:11');
INSERT INTO question_info (id, topic_id, question, image_url, type, create_time) VALUES (137, 8, '你一年交易的股票中，龙头核心股占到总交易量比例？', '', 1, '2024-07-06 17:36:20');
INSERT INTO question_info (id, topic_id, question, image_url, type, create_time) VALUES (138, 8, '你是否会买入ST股？', '', 1, '2024-07-06 17:36:55');
INSERT INTO question_info (id, topic_id, question, image_url, type, create_time) VALUES (139, 8, '当你购入的股票突发暴雷时，你会如何应对？', '', 1, '2024-07-06 17:39:55');
INSERT INTO question_info (id, topic_id, question, image_url, type, create_time) VALUES (140, 8, '你炒股的资金是否是自己的闲置资金？', '', 1, '2024-07-06 17:41:23');
INSERT INTO question_info (id, topic_id, question, image_url, type, create_time) VALUES (141, 8, '你有没有借贷炒股？', '', 1, '2024-07-06 17:41:47');
INSERT INTO question_info (id, topic_id, question, image_url, type, create_time) VALUES (142, 8, '当你决定职业炒股时，家庭是否有稳定收入？', '', 1, '2024-07-06 17:42:21');
INSERT INTO question_info (id, topic_id, question, image_url, type, create_time) VALUES (143, 8, '你认为炒股养家的传说是不是真的？', '', 1, '2024-07-06 17:43:04');
INSERT INTO question_info (id, topic_id, question, image_url, type, create_time) VALUES (144, 8, '《养家心法》你研究过多少？', '', 1, '2024-07-06 17:44:38');
INSERT INTO question_info (id, topic_id, question, image_url, type, create_time) VALUES (145, 8, '你相信8年一万倍的神话么？或者本金一万五年过亿的神话么？', '', 1, '2024-07-06 17:46:26');
INSERT INTO question_info (id, topic_id, question, image_url, type, create_time) VALUES (146, 8, '你参加过实盘大赛吗？', '', 1, '2024-07-06 17:48:30');
INSERT INTO question_info (id, topic_id, question, image_url, type, create_time) VALUES (147, 8, '你是否在自媒体或股票论坛上坚持长期实盘展示？', '', 1, '2024-07-06 17:49:50');
INSERT INTO question_info (id, topic_id, question, image_url, type, create_time) VALUES (148, 8, '你认为实盘的意义是什么？', '', 1, '2024-07-06 17:51:58');
INSERT INTO question_info (id, topic_id, question, image_url, type, create_time) VALUES (149, 8, '你是否会每天观看顶级大神的交割单？', '', 1, '2024-07-06 17:53:08');
INSERT INTO question_info (id, topic_id, question, image_url, type, create_time) VALUES (150, 8, '你有没有志同道合的股票搭子，并且相互鼓励？', '', 1, '2024-07-06 17:53:58');
INSERT INTO question_info (id, topic_id, question, image_url, type, create_time) VALUES (151, 8, '你是否认为市场交易量非常重要？', '', 1, '2024-07-06 17:55:49');
INSERT INTO question_info (id, topic_id, question, image_url, type, create_time) VALUES (152, 8, '你是否认为不合理的监管会对市场产生严重影响？', '', 1, '2024-07-06 17:57:45');
INSERT INTO question_info (id, topic_id, question, image_url, type, create_time) VALUES (153, 8, '你认为流传的那些所谓的股票战法会不会对你的交易产生有益的影响？', '', 1, '2024-07-06 17:59:45');
INSERT INTO question_info (id, topic_id, question, image_url, type, create_time) VALUES (154, 8, '当别人的股票大涨时，你的股票不动，你会怎么操作？', '', 1, '2024-07-06 18:01:19');
INSERT INTO question_info (id, topic_id, question, image_url, type, create_time) VALUES (155, 8, '你认为将来茅子会跌停么？', '', 1, '2024-07-06 18:02:11');
INSERT INTO question_info (id, topic_id, question, image_url, type, create_time) VALUES (156, 8, '在股票交易里，你认为是知识重要还是自律重要？', '', 1, '2024-07-06 18:03:32');
INSERT INTO question_info (id, topic_id, question, image_url, type, create_time) VALUES (157, 8, '股票交易的第一规则是在有行情的时候交易，第二规则是记住第一规则，你是否认同？', '', 1, '2024-07-06 18:04:44');
INSERT INTO question_info (id, topic_id, question, image_url, type, create_time) VALUES (158, 8, '不要和一头猪摔跤，只会将你弄脏，在股市里不要参加垃圾股交易，因为会让你亏损，你认为这句话在A股合适么？', '', 1, '2024-07-06 18:06:50');
INSERT INTO question_info (id, topic_id, question, image_url, type, create_time) VALUES (159, 8, '能找到持续性行情是本事，在持续性行情里才能获得更大收益，你的交易是否都在持续性主线里？', '', 1, '2024-07-06 18:10:36');
INSERT INTO question_info (id, topic_id, question, image_url, type, create_time) VALUES (160, 8, '持续性行情的表现方式，具体量化为（多选，选完后点下一题）', '', 2, '2024-07-06 18:15:35');
INSERT INTO question_info (id, topic_id, question, image_url, type, create_time) VALUES (161, 8, '你认为股市交易里什么样的行为能让自己快速成长？', '', 1, '2024-07-06 18:20:10');
INSERT INTO question_info (id, topic_id, question, image_url, type, create_time) VALUES (162, 8, '你经常会all in（梭哈）么？', '', 1, '2024-07-06 18:20:49');
INSERT INTO question_info (id, topic_id, question, image_url, type, create_time) VALUES (163, 8, '在达到交易成功的路上，你认为什么最重要？', '', 1, '2024-07-06 18:23:06');
INSERT INTO question_info (id, topic_id, question, image_url, type, create_time) VALUES (164, 8, '你认为在市场上能够持续性盈利的大神最重要的品质是什么？', '', 1, '2024-07-06 18:25:27');
INSERT INTO question_info (id, topic_id, question, image_url, type, create_time) VALUES (165, 8, '你认为存在虚无缥缈的盘感么？', '', 1, '2024-07-06 18:26:16');
INSERT INTO question_info (id, topic_id, question, image_url, type, create_time) VALUES (166, 8, '你的交易习惯是什么？', '', 1, '2024-07-06 18:27:27');
INSERT INTO question_info (id, topic_id, question, image_url, type, create_time) VALUES (167, 8, '等待是股市交易的主旋律，你认同么？', '', 1, '2024-07-06 18:28:32');
INSERT INTO question_info (id, topic_id, question, image_url, type, create_time) VALUES (168, 8, '在股票交易中，行情确定性重要还是行情容错性重要？', '', 1, '2024-07-06 18:29:45');
INSERT INTO question_info (id, topic_id, question, image_url, type, create_time) VALUES (169, 8, '你有没有向所谓的股票老师交学费？', '', 1, '2024-07-06 18:33:00');
INSERT INTO question_info (id, topic_id, question, image_url, type, create_time) VALUES (170, 8, '中国股票最高单笔下单手数是多少？', '', 1, '2024-07-06 18:40:08');
INSERT INTO question_info (id, topic_id, question, image_url, type, create_time) VALUES (171, 8, '你当下是否会在买卖某支股票后，到股吧或者同花顺评论中去找出买卖认同感？', '', 1, '2024-07-06 18:50:30');
INSERT INTO question_info (id, topic_id, question, image_url, type, create_time) VALUES (172, 8, '你是否经常遇到你买入的股票，买入后就跌，卖出后就涨？', '', 1, '2024-07-06 18:56:25');
INSERT INTO question_info (id, topic_id, question, image_url, type, create_time) VALUES (174, 8, '你看好将来的上证指数过万点么？你觉得时必然还是偶然？', '', 1, '2024-07-08 15:36:52');
INSERT INTO question_info (id, topic_id, question, image_url, type, create_time) VALUES (175, 8, '你对市场的走势是提前预判并坚持还是等市场来回答？', '', 1, '2024-07-08 15:39:04');
INSERT INTO question_info (id, topic_id, question, image_url, type, create_time) VALUES (176, 8, '你是否总能正确感受到市场的逻辑？比如市场连续下跌以后会感觉到前期市场超跌的热门股票有可能会反弹', '', 1, '2024-07-08 15:45:00');
INSERT INTO question_info (id, topic_id, question, image_url, type, create_time) VALUES (177, 8, '为什么市场上全是好消息，大盘却无动于衷，没有任何反应，你的理解是？', '', 1, '2024-07-08 15:47:35');
INSERT INTO question_info (id, topic_id, question, image_url, type, create_time) VALUES (178, 8, '你有没有明知道股市还会下跌，但总觉得自己手中的票能逆势上涨？', '', 1, '2024-07-08 15:50:22');
INSERT INTO question_info (id, topic_id, question, image_url, type, create_time) VALUES (179, 8, '如果让你明天立即销户离开股市，你是否可以心无牵挂？', '', 1, '2024-07-08 15:53:39');
INSERT INTO question_info (id, topic_id, question, image_url, type, create_time) VALUES (180, 8, '如果你买入的股票退市了，你有什么样的反应？', '', 1, '2024-07-08 15:58:32');
INSERT INTO question_info (id, topic_id, question, image_url, type, create_time) VALUES (181, 8, '你认为经济形势好，与股市上涨有直接关系么？', '', 1, '2024-07-08 15:59:58');
INSERT INTO question_info (id, topic_id, question, image_url, type, create_time) VALUES (182, 8, '“圣人明势，智者知止，不知止而不投资”，在股市里这个“止”指的是什么？', '', 1, '2024-07-08 16:04:12');
INSERT INTO question_info (id, topic_id, question, image_url, type, create_time) VALUES (183, 8, '你是否清楚自己交易的能力圈，并且有具象化的能力？', '', 1, '2024-07-08 16:05:31');
INSERT INTO question_info (id, topic_id, question, image_url, type, create_time) VALUES (184, 8, '你的交易模式有没有形成类似肌肉记忆的感觉，有些行情看一眼就知道是自己的买卖点？', '', 1, '2024-07-08 16:07:17');
INSERT INTO question_info (id, topic_id, question, image_url, type, create_time) VALUES (185, 8, '你是否有某支股票体量太小买不够的感觉？', '', 1, '2024-07-08 16:08:32');
INSERT INTO question_info (id, topic_id, question, image_url, type, create_time) VALUES (186, 8, '行情持续时，你是否总是关注成交量比较大，换手比较充分的股票？', '', 1, '2024-07-08 16:16:46');
INSERT INTO question_info (id, topic_id, question, image_url, type, create_time) VALUES (187, 8, '你对市场各种硬性规则了然于胸么？', '', 1, '2024-07-08 16:23:00');
INSERT INTO question_info (id, topic_id, question, image_url, type, create_time) VALUES (188, 8, '你交易的票是不是都是市场喜欢的有逻辑的票？（逻辑包括：行业政策预期、业绩预期、行业龙头 等）', '', 1, '2024-07-08 16:26:06');
INSERT INTO question_info (id, topic_id, question, image_url, type, create_time) VALUES (189, 8, '你认为情绪周期有用么？', '', 1, '2024-07-08 16:30:25');
INSERT INTO question_info (id, topic_id, question, image_url, type, create_time) VALUES (190, 8, '在主升行情里，如果买不到核心龙头，你会去买跟风股么？', '', 1, '2024-07-08 16:36:36');
INSERT INTO question_info (id, topic_id, question, image_url, type, create_time) VALUES (191, 8, '在你随手胡乱的交易后，你有没有惩罚过自己？', '', 1, '2024-07-08 16:39:45');
INSERT INTO question_info (id, topic_id, question, image_url, type, create_time) VALUES (192, 8, '你炒股亏损有没有与家人沟通过？', '', 1, '2024-07-08 16:40:34');
INSERT INTO question_info (id, topic_id, question, image_url, type, create_time) VALUES (193, 8, '你跟别人交流股票时是不是总拿自己暴赚得票炫耀，从来不说自己亏损的票，以显示自己的专业？', '', 1, '2024-07-08 16:41:57');
INSERT INTO question_info (id, topic_id, question, image_url, type, create_time) VALUES (194, 8, '你认为大盘涨跌与个股的关系？', '', 1, '2024-07-08 16:44:36');
INSERT INTO question_info (id, topic_id, question, image_url, type, create_time) VALUES (195, 8, '当你出现巨大亏损时，你的选择是？', '', 1, '2024-07-08 16:46:58');
INSERT INTO question_info (id, topic_id, question, image_url, type, create_time) VALUES (196, 8, '如果此时因为炒股让你面临绝境，妻离子散，高额负债，你仍然挚爱交易并且信仰坚定么？', '', 1, '2024-07-08 16:52:50');
INSERT INTO question_info (id, topic_id, question, image_url, type, create_time) VALUES (197, 12, '我有能力克服各种困难', '', 1, '2024-07-16 11:50:32');
INSERT INTO question_info (id, topic_id, question, image_url, type, create_time) VALUES (198, 12, '如果我能到一个新的环境，我要把生活安排得( )', '', 1, '2024-07-16 11:51:30');
INSERT INTO question_info (id, topic_id, question, image_url, type, create_time) VALUES (199, 12, '一生中，我觉得自已能达到我所预想的目标( )', '', 1, '2024-07-16 11:52:34');
INSERT INTO question_info (id, topic_id, question, image_url, type, create_time) VALUES (200, 12, '不知为什么，有些人总是回避或冷淡我', '', 1, '2024-07-16 12:19:58');
INSERT INTO question_info (id, topic_id, question, image_url, type, create_time) VALUES (201, 12, '在大街上，我常常避开我不愿打招呼的人', '', 1, '2024-07-16 12:27:18');
INSERT INTO question_info (id, topic_id, question, image_url, type, create_time) VALUES (202, 12, '当我集中精力工作时，假使有人在旁边高谈阔论', '', 1, '2024-07-16 12:28:56');
INSERT INTO question_info (id, topic_id, question, image_url, type, create_time) VALUES (203, 12, '我不论到什么地方，都能清楚地辨别方向', '', 1, '2024-07-16 12:30:38');
INSERT INTO question_info (id, topic_id, question, image_url, type, create_time) VALUES (204, 12, '我热爱所学的专业和所从事的工作', '', 1, '2024-07-16 12:31:36');
INSERT INTO question_info (id, topic_id, question, image_url, type, create_time) VALUES (205, 12, '气候的变化不会影响我的情绪', '', 1, '2024-07-16 12:32:20');
INSERT INTO question_info (id, topic_id, question, image_url, type, create_time) VALUES (206, 12, '我从不因流言蜚语而生气', '', 1, '2024-07-16 12:33:06');
INSERT INTO question_info (id, topic_id, question, image_url, type, create_time) VALUES (207, 12, '我善于控制自己的面部表情', '', 1, '2024-07-16 12:33:44');
INSERT INTO question_info (id, topic_id, question, image_url, type, create_time) VALUES (208, 12, '在就寝时，我常常', '', 1, '2024-07-16 12:34:37');
INSERT INTO question_info (id, topic_id, question, image_url, type, create_time) VALUES (209, 12, '有人侵扰我时，我', '', 1, '2024-07-16 12:35:55');
INSERT INTO question_info (id, topic_id, question, image_url, type, create_time) VALUES (210, 12, '在和人争辨或工作出现失误后，我常常感到震颤，精疲力竭，而不能继续安心工作', '', 1, '2024-07-16 12:36:34');
INSERT INTO question_info (id, topic_id, question, image_url, type, create_time) VALUES (211, 12, '我常常被一些无谓的小事困扰', '', 1, '2024-07-16 12:37:31');
INSERT INTO question_info (id, topic_id, question, image_url, type, create_time) VALUES (212, 12, '我宁愿住在僻静的郊区，也不愿住在嘈杂的市区', '', 1, '2024-07-16 12:38:26');
INSERT INTO question_info (id, topic_id, question, image_url, type, create_time) VALUES (213, 12, '我被朋友、同事起过绰号、挖苦过', '', 1, '2024-07-16 12:40:03');
INSERT INTO question_info (id, topic_id, question, image_url, type, create_time) VALUES (214, 12, '有一种食物使我吃后呕吐', '', 1, '2024-07-16 12:40:52');
INSERT INTO question_info (id, topic_id, question, image_url, type, create_time) VALUES (215, 12, '除去看见的世界外，我的心中没有另外的世界', '', 1, '2024-07-16 12:41:50');
INSERT INTO question_info (id, topic_id, question, image_url, type, create_time) VALUES (216, 12, '我会想到若干年后有什么使自己极为不安的事', '', 1, '2024-07-16 12:42:41');
INSERT INTO question_info (id, topic_id, question, image_url, type, create_time) VALUES (217, 12, '我常常觉得自己的家庭对自己不好，但是我又确切地知道他们的确对我好', '', 1, '2024-07-16 12:43:26');
INSERT INTO question_info (id, topic_id, question, image_url, type, create_time) VALUES (218, 12, '每天我一回家就立刻把门关上', '', 1, '2024-07-16 12:44:15');
INSERT INTO question_info (id, topic_id, question, image_url, type, create_time) VALUES (219, 12, '我坐在小房间里把门关上，但我仍觉得心里不安', '', 1, '2024-07-16 12:44:55');
INSERT INTO question_info (id, topic_id, question, image_url, type, create_time) VALUES (220, 12, '当一件事需要我作决定时，我常觉得很难', '', 1, '2024-07-16 12:45:28');
INSERT INTO question_info (id, topic_id, question, image_url, type, create_time) VALUES (221, 12, '我常常用抛硬币、翻纸、抽签之类的游戏来预测凶吉', '', 1, '2024-07-16 12:46:06');
INSERT INTO question_info (id, topic_id, question, image_url, type, create_time) VALUES (222, 12, '为了工作我早出晚归，早晨起床我常常感到疲惫不堪', '', 1, '2024-07-16 12:46:52');
INSERT INTO question_info (id, topic_id, question, image_url, type, create_time) VALUES (223, 12, '在某种心境下,我会因为困惑陷入空想,将工作搁置下来', '', 1, '2024-07-16 12:47:15');
INSERT INTO question_info (id, topic_id, question, image_url, type, create_time) VALUES (224, 12, '我的神经脆弱,稍有刺激就会使我战栗', '', 1, '2024-07-16 12:47:36');
INSERT INTO question_info (id, topic_id, question, image_url, type, create_time) VALUES (225, 12, '睡梦中,我常常被噩梦惊醒', '', 1, '2024-07-16 12:47:57');
INSERT INTO question_info (id, topic_id, question, image_url, type, create_time) VALUES (226, 12, '工作中我愿意挑战艰巨的任务', '', 1, '2024-07-16 12:48:54');
INSERT INTO question_info (id, topic_id, question, image_url, type, create_time) VALUES (227, 12, '我常发现别人好的意愿', '', 1, '2024-07-16 12:49:36');
INSERT INTO question_info (id, topic_id, question, image_url, type, create_time) VALUES (228, 12, '能听取不同的意见，包括对自己的批评', '', 1, '2024-07-16 12:50:19');
INSERT INTO question_info (id, topic_id, question, image_url, type, create_time) VALUES (229, 12, '我时常勉励自己，对未来充满希望', '', 1, '2024-07-16 12:51:00');



INSERT INTO check_score (id, topic_id, min_score, max_score, title, context, note, create_time) VALUES (1, 7, 0, 6, 'IQ25以下', '白痴', '比例0.2%', '2024-06-30 22:02:35');
INSERT INTO check_score (id, topic_id, min_score, max_score, title, context, note, create_time) VALUES (2, 7, 7, 17, 'IQ25-49', '智力缺陷', '比例0.5%', '2024-06-30 22:02:35');
INSERT INTO check_score (id, topic_id, min_score, max_score, title, context, note, create_time) VALUES (3, 7, 18, 27, 'IQ50-69', '愚钝痴呆', '比例1.6%', '2024-06-30 22:02:35');
INSERT INTO check_score (id, topic_id, min_score, max_score, title, context, note, create_time) VALUES (4, 7, 28, 37, 'IQ70-79', '近乎愚钝', '比例5%', '2024-06-30 22:02:35');
INSERT INTO check_score (id, topic_id, min_score, max_score, title, context, note, create_time) VALUES (5, 7, 38, 49, 'IQ80-89', '智力偏低', '比例14.2%', '2024-06-30 22:02:35');
INSERT INTO check_score (id, topic_id, min_score, max_score, title, context, note, create_time) VALUES (6, 7, 50, 62, 'IQ90-109', '智力正常', '比例55%', '2024-06-30 22:02:35');
INSERT INTO check_score (id, topic_id, min_score, max_score, title, context, note, create_time) VALUES (7, 7, 63, 67, 'IQ110-119', '正常偏上', '15.5%', '2024-06-30 22:02:35');
INSERT INTO check_score (id, topic_id, min_score, max_score, title, context, note, create_time) VALUES (8, 7, 68, 69, 'IQ120-129', '智商优秀', '5.0%', '2024-06-30 22:02:35');
INSERT INTO check_score (id, topic_id, min_score, max_score, title, context, note, create_time) VALUES (9, 7, 70, 71, 'IQ130-139', '智商超常', '比例2.5%', '2024-06-30 22:02:35');
INSERT INTO check_score (id, topic_id, min_score, max_score, title, context, note, create_time) VALUES (10, 7, 72, 72, 'IQ140以上', '堪称天才', '比例0.5%', '2024-06-30 22:02:35');
INSERT INTO check_score (id, topic_id, min_score, max_score, title, context, note, create_time) VALUES (11, 2, 0, 10, '优秀', '你很厉害', '', '2024-07-02 20:22:03');
INSERT INTO check_score (id, topic_id, min_score, max_score, title, context, note, create_time) VALUES (12, 2, 11, 20, '无敌', '特厉害', '', '2024-07-02 20:22:39');
INSERT INTO check_score (id, topic_id, min_score, max_score, title, context, note, create_time) VALUES (13, 2, 21, 100, '你最六', '崇拜你', '', '2024-07-02 21:33:21');
INSERT INTO check_score (id, topic_id, min_score, max_score, title, context, note, create_time) VALUES (14, 3, 0, 10, '优秀', '向大佬低头', '', '2024-07-02 23:24:36');
INSERT INTO check_score (id, topic_id, min_score, max_score, title, context, note, create_time) VALUES (15, 3, 11, 50, '自愧不如', '太厉害了', '', '2024-07-02 23:24:36');
INSERT INTO check_score (id, topic_id, min_score, max_score, title, context, note, create_time) VALUES (16, 8, 0, 85, '初级阶段', '无知者无畏的一个阶段，靠着一腔热血来股市赚钱，但是自身却是什么都不太懂，每次交易全凭感觉，可能会由于偶尔大赚几次，但是一段时间下来本金还是迅速缩水，这时候你会觉得不甘心目标从最开始的想赚钱到最后的想回本。', '', '2024-07-03 23:22:07');
INSERT INTO check_score (id, topic_id, min_score, max_score, title, context, note, create_time) VALUES (17, 8, 86, 110, '学习阶段', '例如各种K线组合，MACD均线理论，财务指标，公司运营状态等。很多人就是在这个阶段摸索了很久，经过一段时间的学习下来，发现这些通过技术指标偶尔能赚钱，但更多的时候还是亏损，于是就有很多人在这个阶段。放弃了，认为股市就是一个骗局', '', '2024-07-03 23:22:07');
INSERT INTO check_score (id, topic_id, min_score, max_score, title, context, note, create_time) VALUES (18, 8, 111, 310, '感悟阶段', '对交易的执着已经进入痴迷状态，膜拜大神并且钻研他们的心法语录，产生心理依赖，开始用学习来的战法交易，这些战法确实能够让你在某一段行情里盈利，翻倍的疯狂，腰斩的失落，经历黑暗更像风暴中的一叶孤舟，诅咒之下，欢乐何在，你正在经历炒股最难熬的阶段，辗转反复，不得其法。坚持吧！交易唯有自渡。', '', '2024-07-03 23:22:07');
INSERT INTO check_score (id, topic_id, min_score, max_score, title, context, note, create_time) VALUES (22, 8, 311, 319, '渐悟阶段', '你已经意识到空仓等待行情的重要性，历经劫难后，你终于有了属于自己交易系统，你心如止水，一切人性引起的交易情绪正在淡化，很多时候你再看你自己在交易，这也是悟道的开始阶段。在这个阶段，你的账户曲线逐渐变为大赚小亏，稳步上升，一两次偶尔的回撤。', '', '2024-07-10 14:12:07');
INSERT INTO check_score (id, topic_id, min_score, max_score, title, context, note, create_time) VALUES (23, 8, 320, 400, '顿悟阶段', '到了这个阶段，市场波动已经完全影响不到你，交易变的不在那么重要，看任何事物很通透，不再盲目，掌握市场之心，怡然自得，产生交易俯视感，神降临。', '', '2024-07-10 14:12:07');
INSERT INTO check_score (id, topic_id, min_score, max_score, title, context, note, create_time) VALUES (24, 12, 0, 89, 'EQ较低', '你的EQ较低，你常常不能控制自己，极易被自己的情绪所影响。', '很多时候，你容易被击怒、动火、发脾气，这是非常危险的信号──你的事业可能会毁于你的急躁,对于此,最好的解决办法是能够给不好的东西一个好的解释,保持头脑冷静,使自己心情开朗,正如富兰克林所说:“任何人生气都是有理的,但很少有令人信服的理由。”', '2024-07-16 11:46:38');
INSERT INTO check_score (id, topic_id, min_score, max_score, title, context, note, create_time) VALUES (25, 12, 90, 129, 'EQ居中', '你的EQ一般，不同时候你的表现不一，有时会被情绪所影响。', '对于一件事，你不同时候的表现可能不一，这与你的意识有关，你比前者更具有EQ意识，但这种意识不是常常都有，因此需要你多加注意、时时提醒。', '2024-07-16 11:46:38');
INSERT INTO check_score (id, topic_id, min_score, max_score, title, context, note, create_time) VALUES (26, 12, 130, 149, 'EQ较高', '你的EQ较高，你常常能控制自己，不易被情绪影响。', '你是一个快乐的人，不易恐惧担忧，对于工作你热情投入、敢于负责，你为人更是正义正直、同情关怀，这是你的优点，应该努力保持。', '2024-07-16 11:46:38');
INSERT INTO check_score (id, topic_id, min_score, max_score, title, context, note, create_time) VALUES (27, 12, 150, 175, 'EQ爆表', '你就是个EQ高手，你不仅能控制自己，还能影响他人。', '你就是个EQ高手，你的情绪智慧不但是你事业的阻碍，更是你事业有成的一个重要前提条件，继续保持吧。', '2024-07-16 11:46:38');



INSERT INTO answer_info (id, question_id, score, title, image_url, order_char, create_time) VALUES (17, 19, 1, '20年', '', 'A', '2024-06-25 14:25:47');
INSERT INTO answer_info (id, question_id, score, title, image_url, order_char, create_time) VALUES (18, 19, 2, '1000年', '', 'B', '2024-06-25 14:25:47');
INSERT INTO answer_info (id, question_id, score, title, image_url, order_char, create_time) VALUES (19, 19, 9, '一万年', '', 'C', '2024-06-25 14:25:47');
INSERT INTO answer_info (id, question_id, score, title, image_url, order_char, create_time) VALUES (20, 19, 0, '10年', '', 'D', '2024-06-25 14:25:47');
INSERT INTO answer_info (id, question_id, score, title, image_url, order_char, create_time) VALUES (21, 20, -2, '500', '', 'A', '2024-06-25 17:19:41');
INSERT INTO answer_info (id, question_id, score, title, image_url, order_char, create_time) VALUES (22, 20, 1, '200', '', 'B', '2024-06-25 17:19:41');
INSERT INTO answer_info (id, question_id, score, title, image_url, order_char, create_time) VALUES (23, 20, 5, '120', '', 'C', '2024-06-25 17:19:41');
INSERT INTO answer_info (id, question_id, score, title, image_url, order_char, create_time) VALUES (24, 20, 0, '100', '', 'D', '2024-06-25 17:19:41');
INSERT INTO answer_info (id, question_id, score, title, image_url, order_char, create_time) VALUES (59, 5, 0, '', '1719641558515.png', 'A', '2024-06-26 17:27:06');
INSERT INTO answer_info (id, question_id, score, title, image_url, order_char, create_time) VALUES (60, 5, 0, '', '1719641565506.png', 'B', '2024-06-26 17:27:06');
INSERT INTO answer_info (id, question_id, score, title, image_url, order_char, create_time) VALUES (61, 5, 0, '', '1719641574430.png', 'C', '2024-06-26 17:27:06');
INSERT INTO answer_info (id, question_id, score, title, image_url, order_char, create_time) VALUES (62, 5, 1, '', '1719641586067.png', 'D', '2024-06-29 14:13:30');
INSERT INTO answer_info (id, question_id, score, title, image_url, order_char, create_time) VALUES (63, 5, 0, '', '1719641597189.png', 'E', '2024-06-29 14:13:30');
INSERT INTO answer_info (id, question_id, score, title, image_url, order_char, create_time) VALUES (64, 5, 0, '', '1719641606666.png', 'F', '2024-06-29 14:13:30');
INSERT INTO answer_info (id, question_id, score, title, image_url, order_char, create_time) VALUES (65, 9, 0, '', '1719673727437.png', 'A', '2024-06-29 23:09:32');
INSERT INTO answer_info (id, question_id, score, title, image_url, order_char, create_time) VALUES (66, 9, 0, '', '1719673737964.png', 'B', '2024-06-29 23:09:32');
INSERT INTO answer_info (id, question_id, score, title, image_url, order_char, create_time) VALUES (67, 9, 0, '', '1719673746394.png', 'C', '2024-06-29 23:09:32');
INSERT INTO answer_info (id, question_id, score, title, image_url, order_char, create_time) VALUES (68, 9, 0, '', '1719673753982.png', 'D', '2024-06-29 23:09:32');
INSERT INTO answer_info (id, question_id, score, title, image_url, order_char, create_time) VALUES (69, 9, 1, '', '1719673758958.png', 'E', '2024-06-29 23:09:32');
INSERT INTO answer_info (id, question_id, score, title, image_url, order_char, create_time) VALUES (70, 9, 0, '', '1719673768368.png', 'F', '2024-06-29 23:09:32');
INSERT INTO answer_info (id, question_id, score, title, image_url, order_char, create_time) VALUES (81, 22, 0, '', '1719756382607.png', 'A', '2024-06-30 22:07:30');
INSERT INTO answer_info (id, question_id, score, title, image_url, order_char, create_time) VALUES (82, 22, 0, '', '1719756391366.png', 'B', '2024-06-30 22:07:30');
INSERT INTO answer_info (id, question_id, score, title, image_url, order_char, create_time) VALUES (83, 22, 0, '', '1719756399331.png', 'C', '2024-06-30 22:07:30');
INSERT INTO answer_info (id, question_id, score, title, image_url, order_char, create_time) VALUES (84, 22, 1, '', '1719756409979.png', 'D', '2024-06-30 22:07:30');
INSERT INTO answer_info (id, question_id, score, title, image_url, order_char, create_time) VALUES (85, 22, 0, '', '1719756427803.png', 'E', '2024-06-30 22:07:30');
INSERT INTO answer_info (id, question_id, score, title, image_url, order_char, create_time) VALUES (86, 22, 0, '', '1719756438370.png', 'F', '2024-06-30 22:07:30');
INSERT INTO answer_info (id, question_id, score, title, image_url, order_char, create_time) VALUES (87, 23, 0, '', '1719756523448.png', 'A', '2024-06-30 22:09:24');
INSERT INTO answer_info (id, question_id, score, title, image_url, order_char, create_time) VALUES (88, 23, 0, '', '1719756528713.png', 'B', '2024-06-30 22:09:24');
INSERT INTO answer_info (id, question_id, score, title, image_url, order_char, create_time) VALUES (89, 23, 0, '', '1719756533554.png', 'C', '2024-06-30 22:09:24');
INSERT INTO answer_info (id, question_id, score, title, image_url, order_char, create_time) VALUES (90, 23, 0, '', '1719756540288.png', 'D', '2024-06-30 22:09:24');
INSERT INTO answer_info (id, question_id, score, title, image_url, order_char, create_time) VALUES (91, 23, 1, '', '1719756549565.png', 'E', '2024-06-30 22:09:24');
INSERT INTO answer_info (id, question_id, score, title, image_url, order_char, create_time) VALUES (92, 23, 0, '', '1719756560934.png', 'F', '2024-06-30 22:09:24');
INSERT INTO answer_info (id, question_id, score, title, image_url, order_char, create_time) VALUES (93, 24, 1, '', '1719756752785.png', 'A', '2024-06-30 22:13:33');
INSERT INTO answer_info (id, question_id, score, title, image_url, order_char, create_time) VALUES (94, 24, 0, '', '1719756757607.png', 'B', '2024-06-30 22:13:33');
INSERT INTO answer_info (id, question_id, score, title, image_url, order_char, create_time) VALUES (95, 24, 0, '', '1719756765465.png', 'C', '2024-06-30 22:13:33');
INSERT INTO answer_info (id, question_id, score, title, image_url, order_char, create_time) VALUES (96, 24, 0, '', '1719756768758.png', 'D', '2024-06-30 22:13:33');
INSERT INTO answer_info (id, question_id, score, title, image_url, order_char, create_time) VALUES (97, 24, 0, '', '1719756775395.png', 'E', '2024-06-30 22:13:33');
INSERT INTO answer_info (id, question_id, score, title, image_url, order_char, create_time) VALUES (98, 24, 0, '', '1719756781550.png', 'F', '2024-06-30 22:13:33');
INSERT INTO answer_info (id, question_id, score, title, image_url, order_char, create_time) VALUES (99, 25, 0, '', '1719756971351.png', 'A', '2024-06-30 22:16:41');
INSERT INTO answer_info (id, question_id, score, title, image_url, order_char, create_time) VALUES (100, 25, 1, '', '1719756976161.png', 'B', '2024-06-30 22:16:41');
INSERT INTO answer_info (id, question_id, score, title, image_url, order_char, create_time) VALUES (101, 25, 0, '', '1719756980780.png', 'C', '2024-06-30 22:16:41');
INSERT INTO answer_info (id, question_id, score, title, image_url, order_char, create_time) VALUES (102, 25, 0, '', '1719756984895.png', 'D', '2024-06-30 22:16:41');
INSERT INTO answer_info (id, question_id, score, title, image_url, order_char, create_time) VALUES (103, 25, 0, '', '1719756993706.png', 'E', '2024-06-30 22:16:41');
INSERT INTO answer_info (id, question_id, score, title, image_url, order_char, create_time) VALUES (104, 25, 0, '', '1719756997425.png', 'F', '2024-06-30 22:16:41');
INSERT INTO answer_info (id, question_id, score, title, image_url, order_char, create_time) VALUES (105, 26, 0, '', '1719757291343.png', 'A', '2024-06-30 22:21:58');
INSERT INTO answer_info (id, question_id, score, title, image_url, order_char, create_time) VALUES (106, 26, 0, '', '1719757295064.png', 'B', '2024-06-30 22:21:58');
INSERT INTO answer_info (id, question_id, score, title, image_url, order_char, create_time) VALUES (107, 26, 0, '', '1719757299883.png', 'C', '2024-06-30 22:21:58');
INSERT INTO answer_info (id, question_id, score, title, image_url, order_char, create_time) VALUES (108, 26, 0, '', '1719757307511.png', 'D', '2024-06-30 22:21:58');
INSERT INTO answer_info (id, question_id, score, title, image_url, order_char, create_time) VALUES (109, 26, 0, '', '1719757310414.png', 'E', '2024-06-30 22:21:58');
INSERT INTO answer_info (id, question_id, score, title, image_url, order_char, create_time) VALUES (110, 26, 1, '', '1719757314431.png', 'F', '2024-06-30 22:21:58');
INSERT INTO answer_info (id, question_id, score, title, image_url, order_char, create_time) VALUES (111, 27, 0, '', '1719757456239.png', 'A', '2024-06-30 22:25:19');
INSERT INTO answer_info (id, question_id, score, title, image_url, order_char, create_time) VALUES (112, 27, 0, '', '1719757460689.png', 'B', '2024-06-30 22:25:19');
INSERT INTO answer_info (id, question_id, score, title, image_url, order_char, create_time) VALUES (113, 27, 1, '', '1719757492188.png', 'C', '2024-06-30 22:25:19');
INSERT INTO answer_info (id, question_id, score, title, image_url, order_char, create_time) VALUES (114, 27, 0, '', '1719757499644.png', 'D', '2024-06-30 22:25:19');
INSERT INTO answer_info (id, question_id, score, title, image_url, order_char, create_time) VALUES (115, 27, 0, '', '1719757505154.png', 'E', '2024-06-30 22:25:19');
INSERT INTO answer_info (id, question_id, score, title, image_url, order_char, create_time) VALUES (116, 27, 0, '', '1719757512150.png', 'F', '2024-06-30 22:25:19');
INSERT INTO answer_info (id, question_id, score, title, image_url, order_char, create_time) VALUES (117, 28, 0, '', '1719757691461.png', 'A', '2024-06-30 22:28:51');
INSERT INTO answer_info (id, question_id, score, title, image_url, order_char, create_time) VALUES (118, 28, 0, '', '1719757696503.png', 'B', '2024-06-30 22:28:51');
INSERT INTO answer_info (id, question_id, score, title, image_url, order_char, create_time) VALUES (119, 28, 0, '', '1719757701285.png', 'C', '2024-06-30 22:28:51');
INSERT INTO answer_info (id, question_id, score, title, image_url, order_char, create_time) VALUES (120, 28, 0, '', '1719757706929.png', 'D', '2024-06-30 22:28:51');
INSERT INTO answer_info (id, question_id, score, title, image_url, order_char, create_time) VALUES (121, 28, 0, '', '1719757714238.png', 'E', '2024-06-30 22:28:51');
INSERT INTO answer_info (id, question_id, score, title, image_url, order_char, create_time) VALUES (122, 28, 1, '', '1719757720408.png', 'F', '2024-06-30 22:28:51');
INSERT INTO answer_info (id, question_id, score, title, image_url, order_char, create_time) VALUES (123, 29, 0, '', '1719759722683.png', 'A', '2024-06-30 23:02:39');
INSERT INTO answer_info (id, question_id, score, title, image_url, order_char, create_time) VALUES (124, 29, 1, '', '1719759726401.png', 'B', '2024-06-30 23:02:39');
INSERT INTO answer_info (id, question_id, score, title, image_url, order_char, create_time) VALUES (125, 29, 0, '', '1719759738656.png', 'C', '2024-06-30 23:02:39');
INSERT INTO answer_info (id, question_id, score, title, image_url, order_char, create_time) VALUES (126, 29, 0, '', '1719759743193.png', 'D', '2024-06-30 23:02:39');
INSERT INTO answer_info (id, question_id, score, title, image_url, order_char, create_time) VALUES (127, 29, 0, '', '1719759748493.png', 'E', '2024-06-30 23:02:39');
INSERT INTO answer_info (id, question_id, score, title, image_url, order_char, create_time) VALUES (128, 29, 0, '', '1719759751536.png', 'F', '2024-06-30 23:02:39');
INSERT INTO answer_info (id, question_id, score, title, image_url, order_char, create_time) VALUES (129, 30, 1, '', '1719759896658.png', 'A', '2024-06-30 23:05:26');
INSERT INTO answer_info (id, question_id, score, title, image_url, order_char, create_time) VALUES (130, 30, 0, '', '1719759900826.png', 'B', '2024-06-30 23:05:26');
INSERT INTO answer_info (id, question_id, score, title, image_url, order_char, create_time) VALUES (131, 30, 0, '', '1719759905139.png', 'C', '2024-06-30 23:05:26');
INSERT INTO answer_info (id, question_id, score, title, image_url, order_char, create_time) VALUES (132, 30, 0, '', '1719759909146.png', 'D', '2024-06-30 23:05:26');
INSERT INTO answer_info (id, question_id, score, title, image_url, order_char, create_time) VALUES (133, 30, 0, '', '1719759920100.png', 'E', '2024-06-30 23:05:26');
INSERT INTO answer_info (id, question_id, score, title, image_url, order_char, create_time) VALUES (134, 30, 0, '', '1719759923653.png', 'F', '2024-06-30 23:05:27');
INSERT INTO answer_info (id, question_id, score, title, image_url, order_char, create_time) VALUES (135, 31, 0, '', '1719760077151.png', 'A', '2024-06-30 23:08:26');
INSERT INTO answer_info (id, question_id, score, title, image_url, order_char, create_time) VALUES (136, 31, 0, '', '1719760081381.png', 'B', '2024-06-30 23:08:26');
INSERT INTO answer_info (id, question_id, score, title, image_url, order_char, create_time) VALUES (137, 31, 1, '', '1719760086755.png', 'C', '2024-06-30 23:08:26');
INSERT INTO answer_info (id, question_id, score, title, image_url, order_char, create_time) VALUES (138, 31, 0, '', '1719760092057.png', 'D', '2024-06-30 23:08:26');
INSERT INTO answer_info (id, question_id, score, title, image_url, order_char, create_time) VALUES (139, 31, 0, '', '1719760099001.png', 'E', '2024-06-30 23:08:26');
INSERT INTO answer_info (id, question_id, score, title, image_url, order_char, create_time) VALUES (140, 31, 0, '', '1719760101849.png', 'F', '2024-06-30 23:08:26');
INSERT INTO answer_info (id, question_id, score, title, image_url, order_char, create_time) VALUES (141, 32, 0, '', '1719760330010.png', 'A', '2024-06-30 23:12:40');
INSERT INTO answer_info (id, question_id, score, title, image_url, order_char, create_time) VALUES (142, 32, 0, '', '1719760334678.png', 'B', '2024-06-30 23:12:40');
INSERT INTO answer_info (id, question_id, score, title, image_url, order_char, create_time) VALUES (143, 32, 0, '', '1719760338993.png', 'C', '2024-06-30 23:12:40');
INSERT INTO answer_info (id, question_id, score, title, image_url, order_char, create_time) VALUES (144, 32, 1, '', '1719760343383.png', 'D', '2024-06-30 23:12:40');
INSERT INTO answer_info (id, question_id, score, title, image_url, order_char, create_time) VALUES (145, 32, 0, '', '1719760349738.png', 'E', '2024-06-30 23:12:40');
INSERT INTO answer_info (id, question_id, score, title, image_url, order_char, create_time) VALUES (146, 32, 0, '', '1719760352887.png', 'F', '2024-06-30 23:12:40');
INSERT INTO answer_info (id, question_id, score, title, image_url, order_char, create_time) VALUES (147, 33, 0, '', '1719760495219.png', 'A', '2024-06-30 23:15:20');
INSERT INTO answer_info (id, question_id, score, title, image_url, order_char, create_time) VALUES (148, 33, 0, '', '1719760498583.png', 'B', '2024-06-30 23:15:20');
INSERT INTO answer_info (id, question_id, score, title, image_url, order_char, create_time) VALUES (149, 33, 0, '', '1719760502311.png', 'C', '2024-06-30 23:15:20');
INSERT INTO answer_info (id, question_id, score, title, image_url, order_char, create_time) VALUES (150, 33, 0, '', '1719760507863.png', 'D', '2024-06-30 23:15:20');
INSERT INTO answer_info (id, question_id, score, title, image_url, order_char, create_time) VALUES (151, 33, 1, '', '1719760513955.png', 'E', '2024-06-30 23:15:20');
INSERT INTO answer_info (id, question_id, score, title, image_url, order_char, create_time) VALUES (152, 33, 0, '', '1719760517506.png', 'F', '2024-06-30 23:15:20');
INSERT INTO answer_info (id, question_id, score, title, image_url, order_char, create_time) VALUES (153, 34, 0, '', '1719760656581.png', 'A', '2024-06-30 23:17:59');
INSERT INTO answer_info (id, question_id, score, title, image_url, order_char, create_time) VALUES (154, 34, 0, '', '1719760659801.png', 'B', '2024-06-30 23:17:59');
INSERT INTO answer_info (id, question_id, score, title, image_url, order_char, create_time) VALUES (155, 34, 0, '', '1719760663865.png', 'C', '2024-06-30 23:17:59');
INSERT INTO answer_info (id, question_id, score, title, image_url, order_char, create_time) VALUES (156, 34, 1, '', '1719760667862.png', 'D', '2024-06-30 23:17:59');
INSERT INTO answer_info (id, question_id, score, title, image_url, order_char, create_time) VALUES (157, 34, 0, '', '1719760675632.png', 'E', '2024-06-30 23:17:59');
INSERT INTO answer_info (id, question_id, score, title, image_url, order_char, create_time) VALUES (158, 34, 0, '', '1719760678308.png', 'F', '2024-06-30 23:17:59');
INSERT INTO answer_info (id, question_id, score, title, image_url, order_char, create_time) VALUES (159, 35, 0, '', '1719760814903.png', 'A', '2024-06-30 23:20:44');
INSERT INTO answer_info (id, question_id, score, title, image_url, order_char, create_time) VALUES (160, 35, 0, '', '1719760820100.png', 'B', '2024-06-30 23:20:44');
INSERT INTO answer_info (id, question_id, score, title, image_url, order_char, create_time) VALUES (161, 35, 0, '', '1719760824011.png', 'C', '2024-06-30 23:20:44');
INSERT INTO answer_info (id, question_id, score, title, image_url, order_char, create_time) VALUES (162, 35, 0, '', '1719760829013.png', 'D', '2024-06-30 23:20:44');
INSERT INTO answer_info (id, question_id, score, title, image_url, order_char, create_time) VALUES (163, 35, 1, '', '1719760836565.png', 'E', '2024-06-30 23:20:44');
INSERT INTO answer_info (id, question_id, score, title, image_url, order_char, create_time) VALUES (164, 35, 0, '', '1719760840346.png', 'F', '2024-06-30 23:20:44');
INSERT INTO answer_info (id, question_id, score, title, image_url, order_char, create_time) VALUES (165, 36, 1, '', '1719760973280.png', 'A', '2024-06-30 23:23:21');
INSERT INTO answer_info (id, question_id, score, title, image_url, order_char, create_time) VALUES (166, 36, 0, '', '1719760976279.png', 'B', '2024-06-30 23:23:21');
INSERT INTO answer_info (id, question_id, score, title, image_url, order_char, create_time) VALUES (167, 36, 0, '', '1719760980499.png', 'C', '2024-06-30 23:23:21');
INSERT INTO answer_info (id, question_id, score, title, image_url, order_char, create_time) VALUES (168, 36, 0, '', '1719760984829.png', 'D', '2024-06-30 23:23:21');
INSERT INTO answer_info (id, question_id, score, title, image_url, order_char, create_time) VALUES (169, 36, 0, '', '1719760996336.png', 'E', '2024-06-30 23:23:21');
INSERT INTO answer_info (id, question_id, score, title, image_url, order_char, create_time) VALUES (170, 36, 0, '', '1719761000077.png', 'F', '2024-06-30 23:23:21');
INSERT INTO answer_info (id, question_id, score, title, image_url, order_char, create_time) VALUES (171, 37, 0, '', '1719761135284.png', 'A', '2024-06-30 23:25:58');
INSERT INTO answer_info (id, question_id, score, title, image_url, order_char, create_time) VALUES (172, 37, 0, '', '1719761138031.png', 'B', '2024-06-30 23:25:58');
INSERT INTO answer_info (id, question_id, score, title, image_url, order_char, create_time) VALUES (173, 37, 0, '', '1719761142633.png', 'C', '2024-06-30 23:25:58');
INSERT INTO answer_info (id, question_id, score, title, image_url, order_char, create_time) VALUES (174, 37, 0, '', '1719761146281.png', 'D', '2024-06-30 23:25:58');
INSERT INTO answer_info (id, question_id, score, title, image_url, order_char, create_time) VALUES (175, 37, 0, '', '1719761151981.png', 'E', '2024-06-30 23:25:58');
INSERT INTO answer_info (id, question_id, score, title, image_url, order_char, create_time) VALUES (176, 37, 1, '', '1719761155850.png', 'F', '2024-06-30 23:25:58');
INSERT INTO answer_info (id, question_id, score, title, image_url, order_char, create_time) VALUES (177, 38, 0, '', '1719761284207.png', 'A', '2024-06-30 23:28:32');
INSERT INTO answer_info (id, question_id, score, title, image_url, order_char, create_time) VALUES (178, 38, 1, '', '1719761287978.png', 'B', '2024-06-30 23:28:32');
INSERT INTO answer_info (id, question_id, score, title, image_url, order_char, create_time) VALUES (179, 38, 0, '', '1719761291994.png', 'C', '2024-06-30 23:28:32');
INSERT INTO answer_info (id, question_id, score, title, image_url, order_char, create_time) VALUES (180, 38, 0, '', '1719761299065.png', 'D', '2024-06-30 23:28:32');
INSERT INTO answer_info (id, question_id, score, title, image_url, order_char, create_time) VALUES (181, 38, 0, '', '1719761305354.png', 'E', '2024-06-30 23:28:32');
INSERT INTO answer_info (id, question_id, score, title, image_url, order_char, create_time) VALUES (182, 38, 0, '', '1719761308634.png', 'F', '2024-06-30 23:28:32');
INSERT INTO answer_info (id, question_id, score, title, image_url, order_char, create_time) VALUES (183, 39, 1, '', '1719761427928.png', 'A', '2024-06-30 23:30:49');
INSERT INTO answer_info (id, question_id, score, title, image_url, order_char, create_time) VALUES (184, 39, 0, '', '1719761431404.png', 'B', '2024-06-30 23:30:49');
INSERT INTO answer_info (id, question_id, score, title, image_url, order_char, create_time) VALUES (185, 39, 0, '', '1719761435599.png', 'C', '2024-06-30 23:30:49');
INSERT INTO answer_info (id, question_id, score, title, image_url, order_char, create_time) VALUES (186, 39, 0, '', '1719761438846.png', 'D', '2024-06-30 23:30:49');
INSERT INTO answer_info (id, question_id, score, title, image_url, order_char, create_time) VALUES (187, 39, 0, '', '1719761443833.png', 'E', '2024-06-30 23:30:49');
INSERT INTO answer_info (id, question_id, score, title, image_url, order_char, create_time) VALUES (188, 39, 0, '', '1719761447667.png', 'F', '2024-06-30 23:30:49');
INSERT INTO answer_info (id, question_id, score, title, image_url, order_char, create_time) VALUES (189, 40, 0, '', '1719761562541.png', 'A', '2024-06-30 23:33:16');
INSERT INTO answer_info (id, question_id, score, title, image_url, order_char, create_time) VALUES (190, 40, 0, '', '1719761566774.png', 'B', '2024-06-30 23:33:16');
INSERT INTO answer_info (id, question_id, score, title, image_url, order_char, create_time) VALUES (191, 40, 1, '', '1719761576458.png', 'C', '2024-06-30 23:33:16');
INSERT INTO answer_info (id, question_id, score, title, image_url, order_char, create_time) VALUES (192, 40, 0, '', '1719761583035.png', 'D', '2024-06-30 23:33:16');
INSERT INTO answer_info (id, question_id, score, title, image_url, order_char, create_time) VALUES (193, 40, 0, '', '1719761588510.png', 'E', '2024-06-30 23:33:16');
INSERT INTO answer_info (id, question_id, score, title, image_url, order_char, create_time) VALUES (194, 40, 0, '', '1719761592482.png', 'F', '2024-06-30 23:33:16');
INSERT INTO answer_info (id, question_id, score, title, image_url, order_char, create_time) VALUES (195, 41, 0, '', '1719761730272.png', 'A', '2024-06-30 23:35:59');
INSERT INTO answer_info (id, question_id, score, title, image_url, order_char, create_time) VALUES (196, 41, 0, '', '1719761735387.png', 'B', '2024-06-30 23:35:59');
INSERT INTO answer_info (id, question_id, score, title, image_url, order_char, create_time) VALUES (197, 41, 0, '', '1719761740354.png', 'C', '2024-06-30 23:35:59');
INSERT INTO answer_info (id, question_id, score, title, image_url, order_char, create_time) VALUES (198, 41, 1, '', '1719761744324.png', 'D', '2024-06-30 23:35:59');
INSERT INTO answer_info (id, question_id, score, title, image_url, order_char, create_time) VALUES (199, 41, 0, '', '1719761753497.png', 'E', '2024-06-30 23:35:59');
INSERT INTO answer_info (id, question_id, score, title, image_url, order_char, create_time) VALUES (200, 41, 0, '', '1719761756320.png', 'F', '2024-06-30 23:35:59');
INSERT INTO answer_info (id, question_id, score, title, image_url, order_char, create_time) VALUES (201, 42, 0, '', '1719761898332.png', 'A', '2024-06-30 23:39:27');
INSERT INTO answer_info (id, question_id, score, title, image_url, order_char, create_time) VALUES (202, 42, 0, '', '1719761944672.png', 'B', '2024-06-30 23:39:27');
INSERT INTO answer_info (id, question_id, score, title, image_url, order_char, create_time) VALUES (203, 42, 0, '', '1719761949340.png', 'C', '2024-06-30 23:39:27');
INSERT INTO answer_info (id, question_id, score, title, image_url, order_char, create_time) VALUES (204, 42, 0, '', '1719761953126.png', 'D', '2024-06-30 23:39:27');
INSERT INTO answer_info (id, question_id, score, title, image_url, order_char, create_time) VALUES (205, 42, 0, '', '1719761961963.png', 'E', '2024-06-30 23:39:27');
INSERT INTO answer_info (id, question_id, score, title, image_url, order_char, create_time) VALUES (206, 42, 1, '', '1719761966401.png', 'F', '2024-06-30 23:39:27');
INSERT INTO answer_info (id, question_id, score, title, image_url, order_char, create_time) VALUES (207, 43, 0, '', '1719762084348.png', 'A', '2024-06-30 23:41:52');
INSERT INTO answer_info (id, question_id, score, title, image_url, order_char, create_time) VALUES (208, 43, 0, '', '1719762087774.png', 'B', '2024-06-30 23:41:52');
INSERT INTO answer_info (id, question_id, score, title, image_url, order_char, create_time) VALUES (209, 43, 1, '', '1719762093309.png', 'C', '2024-06-30 23:41:52');
INSERT INTO answer_info (id, question_id, score, title, image_url, order_char, create_time) VALUES (210, 43, 0, '', '1719762098851.png', 'D', '2024-06-30 23:41:52');
INSERT INTO answer_info (id, question_id, score, title, image_url, order_char, create_time) VALUES (211, 43, 0, '', '1719762103857.png', 'E', '2024-06-30 23:41:52');
INSERT INTO answer_info (id, question_id, score, title, image_url, order_char, create_time) VALUES (212, 43, 0, '', '1719762106739.png', 'F', '2024-06-30 23:41:52');
INSERT INTO answer_info (id, question_id, score, title, image_url, order_char, create_time) VALUES (213, 44, 0, '', '1719762223358.png', 'A', '2024-06-30 23:44:11');
INSERT INTO answer_info (id, question_id, score, title, image_url, order_char, create_time) VALUES (214, 44, 0, '', '1719762226590.png', 'B', '2024-06-30 23:44:11');
INSERT INTO answer_info (id, question_id, score, title, image_url, order_char, create_time) VALUES (215, 44, 0, '', '1719762230842.png', 'C', '2024-06-30 23:44:11');
INSERT INTO answer_info (id, question_id, score, title, image_url, order_char, create_time) VALUES (216, 44, 0, '', '1719762235667.png', 'D', '2024-06-30 23:44:11');
INSERT INTO answer_info (id, question_id, score, title, image_url, order_char, create_time) VALUES (217, 44, 1, '', '1719762244921.png', 'E', '2024-06-30 23:44:11');
INSERT INTO answer_info (id, question_id, score, title, image_url, order_char, create_time) VALUES (218, 44, 0, '', '1719762248220.png', 'F', '2024-06-30 23:44:11');
INSERT INTO answer_info (id, question_id, score, title, image_url, order_char, create_time) VALUES (219, 45, 0, '', '1719762411448.png', 'A', '2024-06-30 23:47:21');
INSERT INTO answer_info (id, question_id, score, title, image_url, order_char, create_time) VALUES (220, 45, 1, '', '1719762417531.png', 'B', '2024-06-30 23:47:21');
INSERT INTO answer_info (id, question_id, score, title, image_url, order_char, create_time) VALUES (221, 45, 0, '', '1719762424070.png', 'C', '2024-06-30 23:47:21');
INSERT INTO answer_info (id, question_id, score, title, image_url, order_char, create_time) VALUES (222, 45, 0, '', '1719762400871.png', 'D', '2024-06-30 23:47:21');
INSERT INTO answer_info (id, question_id, score, title, image_url, order_char, create_time) VALUES (223, 45, 0, '', '1719762433396.png', 'E', '2024-06-30 23:47:21');
INSERT INTO answer_info (id, question_id, score, title, image_url, order_char, create_time) VALUES (224, 45, 0, '', '1719762437603.png', 'F', '2024-06-30 23:47:21');
INSERT INTO answer_info (id, question_id, score, title, image_url, order_char, create_time) VALUES (225, 46, 0, '', '1719762556154.png', 'A', '2024-06-30 23:49:37');
INSERT INTO answer_info (id, question_id, score, title, image_url, order_char, create_time) VALUES (226, 46, 1, '', '1719762559375.png', 'B', '2024-06-30 23:49:37');
INSERT INTO answer_info (id, question_id, score, title, image_url, order_char, create_time) VALUES (227, 46, 0, '', '1719762565042.png', 'C', '2024-06-30 23:49:37');
INSERT INTO answer_info (id, question_id, score, title, image_url, order_char, create_time) VALUES (228, 46, 0, '', '1719762568004.png', 'D', '2024-06-30 23:49:37');
INSERT INTO answer_info (id, question_id, score, title, image_url, order_char, create_time) VALUES (229, 46, 0, '', '1719762573314.png', 'E', '2024-06-30 23:49:37');
INSERT INTO answer_info (id, question_id, score, title, image_url, order_char, create_time) VALUES (230, 46, 0, '', '1719762576059.png', 'F', '2024-06-30 23:49:37');
INSERT INTO answer_info (id, question_id, score, title, image_url, order_char, create_time) VALUES (231, 47, 0, '', '1719762733086.png', 'A', '2024-06-30 23:52:50');
INSERT INTO answer_info (id, question_id, score, title, image_url, order_char, create_time) VALUES (232, 47, 0, '', '1719762738219.png', 'B', '2024-06-30 23:52:50');
INSERT INTO answer_info (id, question_id, score, title, image_url, order_char, create_time) VALUES (233, 47, 0, '', '1719762747582.png', 'C', '2024-06-30 23:52:50');
INSERT INTO answer_info (id, question_id, score, title, image_url, order_char, create_time) VALUES (234, 47, 0, '', '1719762754931.png', 'D', '2024-06-30 23:52:50');
INSERT INTO answer_info (id, question_id, score, title, image_url, order_char, create_time) VALUES (235, 47, 0, '', '1719762759520.png', 'E', '2024-06-30 23:52:50');
INSERT INTO answer_info (id, question_id, score, title, image_url, order_char, create_time) VALUES (236, 47, 1, '', '1719762765735.png', 'F', '2024-06-30 23:52:50');
INSERT INTO answer_info (id, question_id, score, title, image_url, order_char, create_time) VALUES (237, 48, 1, '', '1719763537383.png', 'A', '2024-07-01 00:06:06');
INSERT INTO answer_info (id, question_id, score, title, image_url, order_char, create_time) VALUES (238, 48, 0, '', '1719763543109.png', 'B', '2024-07-01 00:06:06');
INSERT INTO answer_info (id, question_id, score, title, image_url, order_char, create_time) VALUES (239, 48, 0, '', '1719763548475.png', 'C', '2024-07-01 00:06:06');
INSERT INTO answer_info (id, question_id, score, title, image_url, order_char, create_time) VALUES (240, 48, 0, '', '1719763552820.png', 'D', '2024-07-01 00:06:06');
INSERT INTO answer_info (id, question_id, score, title, image_url, order_char, create_time) VALUES (241, 48, 0, '', '1719763560749.png', 'E', '2024-07-01 00:06:06');
INSERT INTO answer_info (id, question_id, score, title, image_url, order_char, create_time) VALUES (242, 48, 0, '', '1719763563972.png', 'F', '2024-07-01 00:06:06');
INSERT INTO answer_info (id, question_id, score, title, image_url, order_char, create_time) VALUES (243, 49, 0, '', '1719803989523.png', 'A', '2024-07-01 11:20:23');
INSERT INTO answer_info (id, question_id, score, title, image_url, order_char, create_time) VALUES (244, 49, 1, '', '1719803997590.png', 'B', '2024-07-01 11:20:23');
INSERT INTO answer_info (id, question_id, score, title, image_url, order_char, create_time) VALUES (245, 49, 0, '', '1719804009043.png', 'C', '2024-07-01 11:20:23');
INSERT INTO answer_info (id, question_id, score, title, image_url, order_char, create_time) VALUES (246, 49, 0, '', '1719804014093.png', 'D', '2024-07-01 11:20:23');
INSERT INTO answer_info (id, question_id, score, title, image_url, order_char, create_time) VALUES (247, 49, 0, '', '1719804018224.png', 'E', '2024-07-01 11:20:23');
INSERT INTO answer_info (id, question_id, score, title, image_url, order_char, create_time) VALUES (248, 49, 0, '', '1719804021903.png', 'F', '2024-07-01 11:20:23');
INSERT INTO answer_info (id, question_id, score, title, image_url, order_char, create_time) VALUES (249, 50, 1, '', '1719804166096.png', 'A', '2024-07-01 11:23:12');
INSERT INTO answer_info (id, question_id, score, title, image_url, order_char, create_time) VALUES (250, 50, 0, '', '1719804171397.png', 'B', '2024-07-01 11:23:12');
INSERT INTO answer_info (id, question_id, score, title, image_url, order_char, create_time) VALUES (251, 50, 0, '', '1719804175811.png', 'C', '2024-07-01 11:23:12');
INSERT INTO answer_info (id, question_id, score, title, image_url, order_char, create_time) VALUES (252, 50, 0, '', '1719804181429.png', 'D', '2024-07-01 11:23:12');
INSERT INTO answer_info (id, question_id, score, title, image_url, order_char, create_time) VALUES (253, 50, 0, '', '1719804188187.png', 'E', '2024-07-01 11:23:12');
INSERT INTO answer_info (id, question_id, score, title, image_url, order_char, create_time) VALUES (254, 50, 0, '', '1719804191308.png', 'F', '2024-07-01 11:23:12');
INSERT INTO answer_info (id, question_id, score, title, image_url, order_char, create_time) VALUES (255, 51, 0, '', '1719804313155.png', 'A', '2024-07-01 11:25:41');
INSERT INTO answer_info (id, question_id, score, title, image_url, order_char, create_time) VALUES (256, 51, 0, '', '1719804317256.png', 'B', '2024-07-01 11:25:41');
INSERT INTO answer_info (id, question_id, score, title, image_url, order_char, create_time) VALUES (257, 51, 1, '', '1719804323270.png', 'C', '2024-07-01 11:25:41');
INSERT INTO answer_info (id, question_id, score, title, image_url, order_char, create_time) VALUES (258, 51, 0, '', '1719804328982.png', 'D', '2024-07-01 11:25:41');
INSERT INTO answer_info (id, question_id, score, title, image_url, order_char, create_time) VALUES (259, 51, 0, '', '1719804335710.png', 'E', '2024-07-01 11:25:41');
INSERT INTO answer_info (id, question_id, score, title, image_url, order_char, create_time) VALUES (260, 51, 0, '', '1719804339055.png', 'F', '2024-07-01 11:25:41');
INSERT INTO answer_info (id, question_id, score, title, image_url, order_char, create_time) VALUES (261, 52, 0, '', '1719804456615.png', 'A', '2024-07-01 11:28:50');
INSERT INTO answer_info (id, question_id, score, title, image_url, order_char, create_time) VALUES (262, 52, 0, '', '1719804461162.png', 'B', '2024-07-01 11:28:50');
INSERT INTO answer_info (id, question_id, score, title, image_url, order_char, create_time) VALUES (263, 52, 0, '', '1719804466613.png', 'C', '2024-07-01 11:28:50');
INSERT INTO answer_info (id, question_id, score, title, image_url, order_char, create_time) VALUES (264, 52, 0, '', '1719804472404.png', 'D', '2024-07-01 11:28:50');
INSERT INTO answer_info (id, question_id, score, title, image_url, order_char, create_time) VALUES (265, 52, 1, '', '1719804481122.png', 'E', '2024-07-01 11:28:50');
INSERT INTO answer_info (id, question_id, score, title, image_url, order_char, create_time) VALUES (266, 52, 0, '', '1719804492140.png', 'F', '2024-07-01 11:28:50');
INSERT INTO answer_info (id, question_id, score, title, image_url, order_char, create_time) VALUES (267, 53, 0, '', '1719804673870.png', 'A', '2024-07-01 11:31:55');
INSERT INTO answer_info (id, question_id, score, title, image_url, order_char, create_time) VALUES (268, 53, 0, '', '1719804678713.png', 'B', '2024-07-01 11:31:55');
INSERT INTO answer_info (id, question_id, score, title, image_url, order_char, create_time) VALUES (269, 53, 0, '', '1719804683961.png', 'C', '2024-07-01 11:31:55');
INSERT INTO answer_info (id, question_id, score, title, image_url, order_char, create_time) VALUES (270, 53, 0, '', '1719804701327.png', 'D', '2024-07-01 11:31:55');
INSERT INTO answer_info (id, question_id, score, title, image_url, order_char, create_time) VALUES (271, 53, 0, '', '1719804707415.png', 'E', '2024-07-01 11:31:55');
INSERT INTO answer_info (id, question_id, score, title, image_url, order_char, create_time) VALUES (272, 53, 1, '', '1719804712271.png', 'F', '2024-07-01 11:31:55');
INSERT INTO answer_info (id, question_id, score, title, image_url, order_char, create_time) VALUES (273, 54, 0, '', '1719804836736.png', 'A', '2024-07-01 11:34:33');
INSERT INTO answer_info (id, question_id, score, title, image_url, order_char, create_time) VALUES (274, 54, 0, '', '1719804844658.png', 'B', '2024-07-01 11:34:33');
INSERT INTO answer_info (id, question_id, score, title, image_url, order_char, create_time) VALUES (275, 54, 0, '', '1719804850551.png', 'C', '2024-07-01 11:34:33');
INSERT INTO answer_info (id, question_id, score, title, image_url, order_char, create_time) VALUES (276, 54, 1, '', '1719804860706.png', 'D', '2024-07-01 11:34:33');
INSERT INTO answer_info (id, question_id, score, title, image_url, order_char, create_time) VALUES (277, 54, 0, '', '1719804867132.png', 'E', '2024-07-01 11:34:33');
INSERT INTO answer_info (id, question_id, score, title, image_url, order_char, create_time) VALUES (278, 54, 0, '', '1719804870618.png', 'F', '2024-07-01 11:34:33');
INSERT INTO answer_info (id, question_id, score, title, image_url, order_char, create_time) VALUES (279, 55, 0, '', '1719804978310.png', 'A', '2024-07-01 11:36:52');
INSERT INTO answer_info (id, question_id, score, title, image_url, order_char, create_time) VALUES (280, 55, 0, '', '1719804987241.png', 'B', '2024-07-01 11:36:52');
INSERT INTO answer_info (id, question_id, score, title, image_url, order_char, create_time) VALUES (281, 55, 1, '', '1719804996146.png', 'C', '2024-07-01 11:36:52');
INSERT INTO answer_info (id, question_id, score, title, image_url, order_char, create_time) VALUES (282, 55, 0, '', '1719805000353.png', 'D', '2024-07-01 11:36:52');
INSERT INTO answer_info (id, question_id, score, title, image_url, order_char, create_time) VALUES (283, 55, 0, '', '1719805003924.png', 'E', '2024-07-01 11:36:52');
INSERT INTO answer_info (id, question_id, score, title, image_url, order_char, create_time) VALUES (284, 55, 0, '', '1719805010869.png', 'F', '2024-07-01 11:36:52');
INSERT INTO answer_info (id, question_id, score, title, image_url, order_char, create_time) VALUES (285, 56, 0, '', '1719805131068.png', 'A', '2024-07-01 11:39:37');
INSERT INTO answer_info (id, question_id, score, title, image_url, order_char, create_time) VALUES (286, 56, 0, '', '1719805137431.png', 'B', '2024-07-01 11:39:37');
INSERT INTO answer_info (id, question_id, score, title, image_url, order_char, create_time) VALUES (287, 56, 0, '', '1719805147014.png', 'C', '2024-07-01 11:39:37');
INSERT INTO answer_info (id, question_id, score, title, image_url, order_char, create_time) VALUES (288, 56, 1, '', '1719805153922.png', 'D', '2024-07-01 11:39:37');
INSERT INTO answer_info (id, question_id, score, title, image_url, order_char, create_time) VALUES (289, 56, 0, '', '1719805159880.png', 'E', '2024-07-01 11:39:37');
INSERT INTO answer_info (id, question_id, score, title, image_url, order_char, create_time) VALUES (290, 56, 0, '', '1719805163693.png', 'F', '2024-07-01 11:39:37');
INSERT INTO answer_info (id, question_id, score, title, image_url, order_char, create_time) VALUES (291, 57, 0, '', '1719805340653.png', 'A', '2024-07-01 11:42:53');
INSERT INTO answer_info (id, question_id, score, title, image_url, order_char, create_time) VALUES (292, 57, 0, '', '1719805347764.png', 'B', '2024-07-01 11:42:53');
INSERT INTO answer_info (id, question_id, score, title, image_url, order_char, create_time) VALUES (293, 57, 0, '', '1719805353028.png', 'C', '2024-07-01 11:42:53');
INSERT INTO answer_info (id, question_id, score, title, image_url, order_char, create_time) VALUES (294, 57, 0, '', '1719805356916.png', 'D', '2024-07-01 11:42:53');
INSERT INTO answer_info (id, question_id, score, title, image_url, order_char, create_time) VALUES (295, 57, 1, '', '1719805364121.png', 'E', '2024-07-01 11:42:53');
INSERT INTO answer_info (id, question_id, score, title, image_url, order_char, create_time) VALUES (296, 57, 0, '', '1719805370385.png', 'F', '2024-07-01 11:42:53');
INSERT INTO answer_info (id, question_id, score, title, image_url, order_char, create_time) VALUES (297, 58, 0, '', '1719809380784.png', 'A', '2024-07-01 12:51:14');
INSERT INTO answer_info (id, question_id, score, title, image_url, order_char, create_time) VALUES (298, 58, 0, '', '1719809396008.png', 'B', '2024-07-01 12:51:14');
INSERT INTO answer_info (id, question_id, score, title, image_url, order_char, create_time) VALUES (299, 58, 0, '', '1719809402376.png', 'C', '2024-07-01 12:51:14');
INSERT INTO answer_info (id, question_id, score, title, image_url, order_char, create_time) VALUES (300, 58, 0, '', '1719809409612.png', 'D', '2024-07-01 12:51:14');
INSERT INTO answer_info (id, question_id, score, title, image_url, order_char, create_time) VALUES (301, 58, 0, '', '1719809421734.png', 'E', '2024-07-01 12:51:14');
INSERT INTO answer_info (id, question_id, score, title, image_url, order_char, create_time) VALUES (302, 58, 0, '', '1719809426822.png', 'F', '2024-07-01 12:51:14');
INSERT INTO answer_info (id, question_id, score, title, image_url, order_char, create_time) VALUES (303, 58, 0, '', '1719809433807.png', 'G', '2024-07-01 12:51:14');
INSERT INTO answer_info (id, question_id, score, title, image_url, order_char, create_time) VALUES (304, 58, 1, '', '1719809437566.png', 'H', '2024-07-01 12:51:14');
INSERT INTO answer_info (id, question_id, score, title, image_url, order_char, create_time) VALUES (305, 59, 0, '', '1719809638334.png', 'A', '2024-07-01 12:54:57');
INSERT INTO answer_info (id, question_id, score, title, image_url, order_char, create_time) VALUES (306, 59, 1, '', '1719809655722.png', 'B', '2024-07-01 12:54:57');
INSERT INTO answer_info (id, question_id, score, title, image_url, order_char, create_time) VALUES (307, 59, 0, '', '1719809662059.png', 'C', '2024-07-01 12:54:57');
INSERT INTO answer_info (id, question_id, score, title, image_url, order_char, create_time) VALUES (308, 59, 0, '', '1719809665915.png', 'D', '2024-07-01 12:54:57');
INSERT INTO answer_info (id, question_id, score, title, image_url, order_char, create_time) VALUES (309, 59, 0, '', '1719809676017.png', 'E', '2024-07-01 12:54:57');
INSERT INTO answer_info (id, question_id, score, title, image_url, order_char, create_time) VALUES (310, 59, 0, '', '1719809686602.png', 'F', '2024-07-01 12:54:57');
INSERT INTO answer_info (id, question_id, score, title, image_url, order_char, create_time) VALUES (311, 59, 0, '', '1719809690264.png', 'G', '2024-07-01 12:54:57');
INSERT INTO answer_info (id, question_id, score, title, image_url, order_char, create_time) VALUES (312, 59, 0, '', '1719809694356.png', 'H', '2024-07-01 12:54:57');
INSERT INTO answer_info (id, question_id, score, title, image_url, order_char, create_time) VALUES (313, 60, 0, '', '1719809834184.png', 'A', '2024-07-01 12:58:17');
INSERT INTO answer_info (id, question_id, score, title, image_url, order_char, create_time) VALUES (314, 60, 0, '', '1719809848290.png', 'B', '2024-07-01 12:58:17');
INSERT INTO answer_info (id, question_id, score, title, image_url, order_char, create_time) VALUES (315, 60, 1, '', '1719809854781.png', 'C', '2024-07-01 12:58:17');
INSERT INTO answer_info (id, question_id, score, title, image_url, order_char, create_time) VALUES (316, 60, 0, '', '1719809862975.png', 'D', '2024-07-01 12:58:17');
INSERT INTO answer_info (id, question_id, score, title, image_url, order_char, create_time) VALUES (317, 60, 0, '', '1719809873125.png', 'E', '2024-07-01 12:58:17');
INSERT INTO answer_info (id, question_id, score, title, image_url, order_char, create_time) VALUES (318, 60, 0, '', '1719809876309.png', 'F', '2024-07-01 12:58:17');
INSERT INTO answer_info (id, question_id, score, title, image_url, order_char, create_time) VALUES (319, 60, 0, '', '1719809882098.png', 'G', '2024-07-01 12:58:17');
INSERT INTO answer_info (id, question_id, score, title, image_url, order_char, create_time) VALUES (320, 60, 0, '', '1719809886164.png', 'H', '2024-07-01 12:58:17');
INSERT INTO answer_info (id, question_id, score, title, image_url, order_char, create_time) VALUES (321, 61, 0, '', '1719810505292.png', 'A', '2024-07-01 13:09:20');
INSERT INTO answer_info (id, question_id, score, title, image_url, order_char, create_time) VALUES (322, 61, 0, '', '1719810511563.png', 'B', '2024-07-01 13:09:20');
INSERT INTO answer_info (id, question_id, score, title, image_url, order_char, create_time) VALUES (323, 61, 0, '', '1719810515537.png', 'C', '2024-07-01 13:09:20');
INSERT INTO answer_info (id, question_id, score, title, image_url, order_char, create_time) VALUES (324, 61, 0, '', '1719810521104.png', 'D', '2024-07-01 13:09:20');
INSERT INTO answer_info (id, question_id, score, title, image_url, order_char, create_time) VALUES (325, 61, 0, '', '1719810537950.png', 'E', '2024-07-01 13:09:20');
INSERT INTO answer_info (id, question_id, score, title, image_url, order_char, create_time) VALUES (326, 61, 0, '', '1719810541067.png', 'F', '2024-07-01 13:09:20');
INSERT INTO answer_info (id, question_id, score, title, image_url, order_char, create_time) VALUES (327, 61, 0, '', '1719810545531.png', 'G', '2024-07-01 13:09:20');
INSERT INTO answer_info (id, question_id, score, title, image_url, order_char, create_time) VALUES (328, 61, 1, '', '1719810548713.png', 'H', '2024-07-01 13:09:20');
INSERT INTO answer_info (id, question_id, score, title, image_url, order_char, create_time) VALUES (329, 62, 0, '', '1719810735925.png', 'A', '2024-07-01 13:12:52');
INSERT INTO answer_info (id, question_id, score, title, image_url, order_char, create_time) VALUES (330, 62, 0, '', '1719810740067.png', 'B', '2024-07-01 13:12:52');
INSERT INTO answer_info (id, question_id, score, title, image_url, order_char, create_time) VALUES (331, 62, 0, '', '1719810743137.png', 'C', '2024-07-01 13:12:52');
INSERT INTO answer_info (id, question_id, score, title, image_url, order_char, create_time) VALUES (332, 62, 0, '', '1719810747961.png', 'D', '2024-07-01 13:12:52');
INSERT INTO answer_info (id, question_id, score, title, image_url, order_char, create_time) VALUES (333, 62, 0, '', '1719810751181.png', 'E', '2024-07-01 13:12:52');
INSERT INTO answer_info (id, question_id, score, title, image_url, order_char, create_time) VALUES (334, 62, 0, '', '1719810754980.png', 'F', '2024-07-01 13:12:52');
INSERT INTO answer_info (id, question_id, score, title, image_url, order_char, create_time) VALUES (335, 62, 1, '', '1719810760005.png', 'G', '2024-07-01 13:12:52');
INSERT INTO answer_info (id, question_id, score, title, image_url, order_char, create_time) VALUES (336, 62, 0, '', '1719810768367.png', 'H', '2024-07-01 13:12:52');
INSERT INTO answer_info (id, question_id, score, title, image_url, order_char, create_time) VALUES (337, 63, 0, '', '1719837095667.png', 'A', '2024-07-01 13:16:15');
INSERT INTO answer_info (id, question_id, score, title, image_url, order_char, create_time) VALUES (338, 63, 0, '', '1719837141795.png', 'B', '2024-07-01 13:16:15');
INSERT INTO answer_info (id, question_id, score, title, image_url, order_char, create_time) VALUES (339, 63, 0, '', '1719837146673.png', 'C', '2024-07-01 13:16:15');
INSERT INTO answer_info (id, question_id, score, title, image_url, order_char, create_time) VALUES (340, 63, 1, '', '1719837150337.png', 'D', '2024-07-01 13:16:15');
INSERT INTO answer_info (id, question_id, score, title, image_url, order_char, create_time) VALUES (341, 63, 0, '', '1719837157706.png', 'E', '2024-07-01 13:16:15');
INSERT INTO answer_info (id, question_id, score, title, image_url, order_char, create_time) VALUES (342, 63, 0, '', '1719837176869.png', 'F', '2024-07-01 13:16:15');
INSERT INTO answer_info (id, question_id, score, title, image_url, order_char, create_time) VALUES (343, 63, 0, '', '1719837180137.png', 'G', '2024-07-01 13:16:15');
INSERT INTO answer_info (id, question_id, score, title, image_url, order_char, create_time) VALUES (344, 63, 0, '', '1719837184636.png', 'H', '2024-07-01 13:16:15');
INSERT INTO answer_info (id, question_id, score, title, image_url, order_char, create_time) VALUES (345, 64, 0, '', '1719837215804.png', 'A', '2024-07-01 13:19:33');
INSERT INTO answer_info (id, question_id, score, title, image_url, order_char, create_time) VALUES (346, 64, 0, '', '1719837222763.png', 'B', '2024-07-01 13:19:33');
INSERT INTO answer_info (id, question_id, score, title, image_url, order_char, create_time) VALUES (347, 64, 0, '', '1719837229834.png', 'C', '2024-07-01 13:19:33');
INSERT INTO answer_info (id, question_id, score, title, image_url, order_char, create_time) VALUES (348, 64, 0, '', '1719837237141.png', 'D', '2024-07-01 13:19:33');
INSERT INTO answer_info (id, question_id, score, title, image_url, order_char, create_time) VALUES (349, 64, 1, '', '1719837271486.png', 'E', '2024-07-01 13:19:33');
INSERT INTO answer_info (id, question_id, score, title, image_url, order_char, create_time) VALUES (350, 64, 0, '', '1719837325142.png', 'F', '2024-07-01 13:19:33');
INSERT INTO answer_info (id, question_id, score, title, image_url, order_char, create_time) VALUES (351, 64, 0, '', '1719837318889.png', 'G', '2024-07-01 13:19:33');
INSERT INTO answer_info (id, question_id, score, title, image_url, order_char, create_time) VALUES (352, 64, 0, '', '1719837314768.png', 'H', '2024-07-01 13:19:33');
INSERT INTO answer_info (id, question_id, score, title, image_url, order_char, create_time) VALUES (353, 65, 1, '', '1719837359825.png', 'A', '2024-07-01 13:22:43');
INSERT INTO answer_info (id, question_id, score, title, image_url, order_char, create_time) VALUES (354, 65, 0, '', '1719837385470.png', 'B', '2024-07-01 13:22:43');
INSERT INTO answer_info (id, question_id, score, title, image_url, order_char, create_time) VALUES (355, 65, 0, '', '1719837390867.png', 'C', '2024-07-01 13:22:43');
INSERT INTO answer_info (id, question_id, score, title, image_url, order_char, create_time) VALUES (356, 65, 0, '', '1719837395762.png', 'D', '2024-07-01 13:22:43');
INSERT INTO answer_info (id, question_id, score, title, image_url, order_char, create_time) VALUES (357, 65, 0, '', '1719837399055.png', 'E', '2024-07-01 13:22:43');
INSERT INTO answer_info (id, question_id, score, title, image_url, order_char, create_time) VALUES (358, 65, 0, '', '1719837402558.png', 'F', '2024-07-01 13:22:43');
INSERT INTO answer_info (id, question_id, score, title, image_url, order_char, create_time) VALUES (359, 65, 0, '', '1719837405779.png', 'G', '2024-07-01 13:22:43');
INSERT INTO answer_info (id, question_id, score, title, image_url, order_char, create_time) VALUES (360, 65, 0, '', '1719837409286.png', 'H', '2024-07-01 13:22:43');
INSERT INTO answer_info (id, question_id, score, title, image_url, order_char, create_time) VALUES (361, 66, 0, '', '1719837484656.png', 'A', '2024-07-01 13:32:26');
INSERT INTO answer_info (id, question_id, score, title, image_url, order_char, create_time) VALUES (362, 66, 0, '', '1719837487569.png', 'B', '2024-07-01 13:32:26');
INSERT INTO answer_info (id, question_id, score, title, image_url, order_char, create_time) VALUES (363, 66, 0, '', '1719837491735.png', 'C', '2024-07-01 13:32:26');
INSERT INTO answer_info (id, question_id, score, title, image_url, order_char, create_time) VALUES (364, 66, 0, '', '1719837495015.png', 'D', '2024-07-01 13:32:26');
INSERT INTO answer_info (id, question_id, score, title, image_url, order_char, create_time) VALUES (365, 66, 0, '', '1719837498912.png', 'E', '2024-07-01 13:32:26');
INSERT INTO answer_info (id, question_id, score, title, image_url, order_char, create_time) VALUES (366, 66, 0, '', '1719837510787.png', 'F', '2024-07-01 13:32:26');
INSERT INTO answer_info (id, question_id, score, title, image_url, order_char, create_time) VALUES (367, 66, 1, '', '1719837514560.png', 'G', '2024-07-01 13:32:26');
INSERT INTO answer_info (id, question_id, score, title, image_url, order_char, create_time) VALUES (368, 66, 0, '', '1719837522125.png', 'H', '2024-07-01 13:32:26');
INSERT INTO answer_info (id, question_id, score, title, image_url, order_char, create_time) VALUES (369, 67, 0, '', '1719812109202.png', 'A', '2024-07-01 13:35:43');
INSERT INTO answer_info (id, question_id, score, title, image_url, order_char, create_time) VALUES (370, 67, 0, '', '1719812111771.png', 'B', '2024-07-01 13:35:43');
INSERT INTO answer_info (id, question_id, score, title, image_url, order_char, create_time) VALUES (371, 67, 0, '', '1719812115510.png', 'C', '2024-07-01 13:35:43');
INSERT INTO answer_info (id, question_id, score, title, image_url, order_char, create_time) VALUES (372, 67, 0, '', '1719812118892.png', 'D', '2024-07-01 13:35:43');
INSERT INTO answer_info (id, question_id, score, title, image_url, order_char, create_time) VALUES (373, 67, 0, '', '1719812123022.png', 'E', '2024-07-01 13:35:43');
INSERT INTO answer_info (id, question_id, score, title, image_url, order_char, create_time) VALUES (374, 67, 1, '', '1719812131768.png', 'F', '2024-07-01 13:35:43');
INSERT INTO answer_info (id, question_id, score, title, image_url, order_char, create_time) VALUES (375, 67, 0, '', '1719812137136.png', 'G', '2024-07-01 13:35:43');
INSERT INTO answer_info (id, question_id, score, title, image_url, order_char, create_time) VALUES (376, 67, 0, '', '1719812139995.png', 'H', '2024-07-01 13:35:43');
INSERT INTO answer_info (id, question_id, score, title, image_url, order_char, create_time) VALUES (377, 68, 1, '', '1719812287837.png', 'A', '2024-07-01 13:38:39');
INSERT INTO answer_info (id, question_id, score, title, image_url, order_char, create_time) VALUES (378, 68, 0, '', '1719812292688.png', 'B', '2024-07-01 13:38:39');
INSERT INTO answer_info (id, question_id, score, title, image_url, order_char, create_time) VALUES (379, 68, 0, '', '1719812299317.png', 'C', '2024-07-01 13:38:39');
INSERT INTO answer_info (id, question_id, score, title, image_url, order_char, create_time) VALUES (380, 68, 0, '', '1719812302080.png', 'D', '2024-07-01 13:38:39');
INSERT INTO answer_info (id, question_id, score, title, image_url, order_char, create_time) VALUES (381, 68, 0, '', '1719812306091.png', 'E', '2024-07-01 13:38:39');
INSERT INTO answer_info (id, question_id, score, title, image_url, order_char, create_time) VALUES (382, 68, 0, '', '1719812309655.png', 'F', '2024-07-01 13:38:39');
INSERT INTO answer_info (id, question_id, score, title, image_url, order_char, create_time) VALUES (383, 68, 0, '', '1719812312828.png', 'G', '2024-07-01 13:38:39');
INSERT INTO answer_info (id, question_id, score, title, image_url, order_char, create_time) VALUES (384, 68, 0, '', '1719812316402.png', 'H', '2024-07-01 13:38:39');
INSERT INTO answer_info (id, question_id, score, title, image_url, order_char, create_time) VALUES (385, 69, 0, '', '1719812447257.png', 'A', '2024-07-01 13:41:37');
INSERT INTO answer_info (id, question_id, score, title, image_url, order_char, create_time) VALUES (386, 69, 1, '', '1719812454586.png', 'B', '2024-07-01 13:41:37');
INSERT INTO answer_info (id, question_id, score, title, image_url, order_char, create_time) VALUES (387, 69, 0, '', '1719812464632.png', 'C', '2024-07-01 13:41:37');
INSERT INTO answer_info (id, question_id, score, title, image_url, order_char, create_time) VALUES (388, 69, 0, '', '1719812474062.png', 'D', '2024-07-01 13:41:37');
INSERT INTO answer_info (id, question_id, score, title, image_url, order_char, create_time) VALUES (389, 69, 0, '', '1719812481107.png', 'E', '2024-07-01 13:41:37');
INSERT INTO answer_info (id, question_id, score, title, image_url, order_char, create_time) VALUES (390, 69, 0, '', '1719812486258.png', 'F', '2024-07-01 13:41:37');
INSERT INTO answer_info (id, question_id, score, title, image_url, order_char, create_time) VALUES (391, 69, 0, '', '1719812490645.png', 'G', '2024-07-01 13:41:37');
INSERT INTO answer_info (id, question_id, score, title, image_url, order_char, create_time) VALUES (392, 69, 0, '', '1719812493806.png', 'H', '2024-07-01 13:41:37');
INSERT INTO answer_info (id, question_id, score, title, image_url, order_char, create_time) VALUES (393, 70, 0, '', '1719812641125.png', 'A', '2024-07-01 13:44:46');
INSERT INTO answer_info (id, question_id, score, title, image_url, order_char, create_time) VALUES (394, 70, 0, '', '1719812652238.png', 'B', '2024-07-01 13:44:46');
INSERT INTO answer_info (id, question_id, score, title, image_url, order_char, create_time) VALUES (395, 70, 1, '', '1719812659547.png', 'C', '2024-07-01 13:44:46');
INSERT INTO answer_info (id, question_id, score, title, image_url, order_char, create_time) VALUES (396, 70, 0, '', '1719812663763.png', 'D', '2024-07-01 13:44:46');
INSERT INTO answer_info (id, question_id, score, title, image_url, order_char, create_time) VALUES (397, 70, 0, '', '1719812672359.png', 'E', '2024-07-01 13:44:46');
INSERT INTO answer_info (id, question_id, score, title, image_url, order_char, create_time) VALUES (398, 70, 0, '', '1719812675100.png', 'F', '2024-07-01 13:44:46');
INSERT INTO answer_info (id, question_id, score, title, image_url, order_char, create_time) VALUES (399, 70, 0, '', '1719812678944.png', 'G', '2024-07-01 13:44:46');
INSERT INTO answer_info (id, question_id, score, title, image_url, order_char, create_time) VALUES (400, 70, 0, '', '1719812682545.png', 'H', '2024-07-01 13:44:46');
INSERT INTO answer_info (id, question_id, score, title, image_url, order_char, create_time) VALUES (401, 71, 0, '', '1719812827886.png', 'A', '2024-07-01 13:47:42');
INSERT INTO answer_info (id, question_id, score, title, image_url, order_char, create_time) VALUES (402, 71, 0, '', '1719812830668.png', 'B', '2024-07-01 13:47:42');
INSERT INTO answer_info (id, question_id, score, title, image_url, order_char, create_time) VALUES (403, 71, 0, '', '1719812835256.png', 'C', '2024-07-01 13:47:42');
INSERT INTO answer_info (id, question_id, score, title, image_url, order_char, create_time) VALUES (404, 71, 1, '', '1719812841154.png', 'D', '2024-07-01 13:47:42');
INSERT INTO answer_info (id, question_id, score, title, image_url, order_char, create_time) VALUES (405, 71, 0, '', '1719812849749.png', 'E', '2024-07-01 13:47:42');
INSERT INTO answer_info (id, question_id, score, title, image_url, order_char, create_time) VALUES (406, 71, 0, '', '1719812852390.png', 'F', '2024-07-01 13:47:42');
INSERT INTO answer_info (id, question_id, score, title, image_url, order_char, create_time) VALUES (407, 71, 0, '', '1719812855492.png', 'G', '2024-07-01 13:47:42');
INSERT INTO answer_info (id, question_id, score, title, image_url, order_char, create_time) VALUES (408, 71, 0, '', '1719812859763.png', 'H', '2024-07-01 13:47:42');
INSERT INTO answer_info (id, question_id, score, title, image_url, order_char, create_time) VALUES (409, 72, 0, '', '1719812996289.png', 'A', '2024-07-01 13:50:44');
INSERT INTO answer_info (id, question_id, score, title, image_url, order_char, create_time) VALUES (410, 72, 0, '', '1719813000657.png', 'B', '2024-07-01 13:50:44');
INSERT INTO answer_info (id, question_id, score, title, image_url, order_char, create_time) VALUES (411, 72, 1, '', '1719813008650.png', 'C', '2024-07-01 13:50:44');
INSERT INTO answer_info (id, question_id, score, title, image_url, order_char, create_time) VALUES (412, 72, 0, '', '1719813021571.png', 'D', '2024-07-01 13:50:44');
INSERT INTO answer_info (id, question_id, score, title, image_url, order_char, create_time) VALUES (413, 72, 0, '', '1719813029269.png', 'E', '2024-07-01 13:50:44');
INSERT INTO answer_info (id, question_id, score, title, image_url, order_char, create_time) VALUES (414, 72, 0, '', '1719813033844.png', 'F', '2024-07-01 13:50:44');
INSERT INTO answer_info (id, question_id, score, title, image_url, order_char, create_time) VALUES (415, 72, 0, '', '1719813037498.png', 'G', '2024-07-01 13:50:44');
INSERT INTO answer_info (id, question_id, score, title, image_url, order_char, create_time) VALUES (416, 72, 0, '', '1719813040554.png', 'H', '2024-07-01 13:50:44');
INSERT INTO answer_info (id, question_id, score, title, image_url, order_char, create_time) VALUES (417, 73, 0, '', '1719813187386.png', 'A', '2024-07-01 13:53:45');
INSERT INTO answer_info (id, question_id, score, title, image_url, order_char, create_time) VALUES (418, 73, 0, '', '1719813190672.png', 'B', '2024-07-01 13:53:45');
INSERT INTO answer_info (id, question_id, score, title, image_url, order_char, create_time) VALUES (419, 73, 0, '', '1719813195644.png', 'C', '2024-07-01 13:53:45');
INSERT INTO answer_info (id, question_id, score, title, image_url, order_char, create_time) VALUES (420, 73, 0, '', '1719813199214.png', 'D', '2024-07-01 13:53:45');
INSERT INTO answer_info (id, question_id, score, title, image_url, order_char, create_time) VALUES (421, 73, 0, '', '1719813206301.png', 'E', '2024-07-01 13:53:45');
INSERT INTO answer_info (id, question_id, score, title, image_url, order_char, create_time) VALUES (422, 73, 0, '', '1719813209780.png', 'F', '2024-07-01 13:53:45');
INSERT INTO answer_info (id, question_id, score, title, image_url, order_char, create_time) VALUES (423, 73, 1, '', '1719813216940.png', 'G', '2024-07-01 13:53:45');
INSERT INTO answer_info (id, question_id, score, title, image_url, order_char, create_time) VALUES (424, 73, 0, '', '1719813221577.png', 'H', '2024-07-01 13:53:45');
INSERT INTO answer_info (id, question_id, score, title, image_url, order_char, create_time) VALUES (425, 74, 0, '', '1719813403688.png', 'A', '2024-07-01 13:57:22');
INSERT INTO answer_info (id, question_id, score, title, image_url, order_char, create_time) VALUES (426, 74, 0, '', '1719813406870.png', 'B', '2024-07-01 13:57:22');
INSERT INTO answer_info (id, question_id, score, title, image_url, order_char, create_time) VALUES (427, 74, 0, '', '1719813410705.png', 'C', '2024-07-01 13:57:22');
INSERT INTO answer_info (id, question_id, score, title, image_url, order_char, create_time) VALUES (428, 74, 0, '', '1719813418245.png', 'D', '2024-07-01 13:57:22');
INSERT INTO answer_info (id, question_id, score, title, image_url, order_char, create_time) VALUES (429, 74, 0, '', '1719813428389.png', 'E', '2024-07-01 13:57:22');
INSERT INTO answer_info (id, question_id, score, title, image_url, order_char, create_time) VALUES (430, 74, 0, '', '1719813431834.png', 'F', '2024-07-01 13:57:22');
INSERT INTO answer_info (id, question_id, score, title, image_url, order_char, create_time) VALUES (431, 74, 0, '', '1719813435312.png', 'G', '2024-07-01 13:57:22');
INSERT INTO answer_info (id, question_id, score, title, image_url, order_char, create_time) VALUES (432, 74, 1, '', '1719813440653.png', 'H', '2024-07-01 13:57:22');
INSERT INTO answer_info (id, question_id, score, title, image_url, order_char, create_time) VALUES (433, 75, 0, '', '1719813579053.png', 'A', '2024-07-01 14:00:13');
INSERT INTO answer_info (id, question_id, score, title, image_url, order_char, create_time) VALUES (434, 75, 0, '', '1719813581888.png', 'B', '2024-07-01 14:00:13');
INSERT INTO answer_info (id, question_id, score, title, image_url, order_char, create_time) VALUES (435, 75, 0, '', '1719813587129.png', 'C', '2024-07-01 14:00:13');
INSERT INTO answer_info (id, question_id, score, title, image_url, order_char, create_time) VALUES (436, 75, 0, '', '1719813591088.png', 'D', '2024-07-01 14:00:13');
INSERT INTO answer_info (id, question_id, score, title, image_url, order_char, create_time) VALUES (437, 75, 0, '', '1719813596932.png', 'E', '2024-07-01 14:00:13');
INSERT INTO answer_info (id, question_id, score, title, image_url, order_char, create_time) VALUES (438, 75, 1, '', '1719813601302.png', 'F', '2024-07-01 14:00:13');
INSERT INTO answer_info (id, question_id, score, title, image_url, order_char, create_time) VALUES (439, 75, 0, '', '1719813605805.png', 'G', '2024-07-01 14:00:13');
INSERT INTO answer_info (id, question_id, score, title, image_url, order_char, create_time) VALUES (440, 75, 0, '', '1719813609019.png', 'H', '2024-07-01 14:00:13');
INSERT INTO answer_info (id, question_id, score, title, image_url, order_char, create_time) VALUES (441, 76, 0, '', '1719813766586.png', 'A', '2024-07-01 14:03:22');
INSERT INTO answer_info (id, question_id, score, title, image_url, order_char, create_time) VALUES (442, 76, 0, '', '1719813769968.png', 'B', '2024-07-01 14:03:22');
INSERT INTO answer_info (id, question_id, score, title, image_url, order_char, create_time) VALUES (443, 76, 0, '', '1719813775192.png', 'C', '2024-07-01 14:03:22');
INSERT INTO answer_info (id, question_id, score, title, image_url, order_char, create_time) VALUES (444, 76, 0, '', '1719813780159.png', 'D', '2024-07-01 14:03:22');
INSERT INTO answer_info (id, question_id, score, title, image_url, order_char, create_time) VALUES (445, 76, 1, '', '1719813788658.png', 'E', '2024-07-01 14:03:22');
INSERT INTO answer_info (id, question_id, score, title, image_url, order_char, create_time) VALUES (446, 76, 0, '', '1719813791400.png', 'F', '2024-07-01 14:03:22');
INSERT INTO answer_info (id, question_id, score, title, image_url, order_char, create_time) VALUES (447, 76, 0, '', '1719813795173.png', 'G', '2024-07-01 14:03:22');
INSERT INTO answer_info (id, question_id, score, title, image_url, order_char, create_time) VALUES (448, 76, 0, '', '1719813798932.png', 'H', '2024-07-01 14:03:22');
INSERT INTO answer_info (id, question_id, score, title, image_url, order_char, create_time) VALUES (449, 77, 0, '', '1719813916705.png', 'A', '2024-07-01 14:06:01');
INSERT INTO answer_info (id, question_id, score, title, image_url, order_char, create_time) VALUES (450, 77, 0, '', '1719813920287.png', 'B', '2024-07-01 14:06:01');
INSERT INTO answer_info (id, question_id, score, title, image_url, order_char, create_time) VALUES (451, 77, 0, '', '1719813924525.png', 'C', '2024-07-01 14:06:01');
INSERT INTO answer_info (id, question_id, score, title, image_url, order_char, create_time) VALUES (452, 77, 1, '', '1719813929555.png', 'D', '2024-07-01 14:06:01');
INSERT INTO answer_info (id, question_id, score, title, image_url, order_char, create_time) VALUES (453, 77, 0, '', '1719813945427.png', 'E', '2024-07-01 14:06:01');
INSERT INTO answer_info (id, question_id, score, title, image_url, order_char, create_time) VALUES (454, 77, 0, '', '1719813949095.png', 'F', '2024-07-01 14:06:01');
INSERT INTO answer_info (id, question_id, score, title, image_url, order_char, create_time) VALUES (455, 77, 0, '', '1719813952955.png', 'G', '2024-07-01 14:06:01');
INSERT INTO answer_info (id, question_id, score, title, image_url, order_char, create_time) VALUES (456, 77, 0, '', '1719813957302.png', 'H', '2024-07-01 14:06:01');
INSERT INTO answer_info (id, question_id, score, title, image_url, order_char, create_time) VALUES (457, 78, 1, '', '1719814153646.png', 'A', '2024-07-01 14:09:47');
INSERT INTO answer_info (id, question_id, score, title, image_url, order_char, create_time) VALUES (458, 78, 0, '', '1719814156410.png', 'B', '2024-07-01 14:09:47');
INSERT INTO answer_info (id, question_id, score, title, image_url, order_char, create_time) VALUES (459, 78, 0, '', '1719814160225.png', 'C', '2024-07-01 14:09:47');
INSERT INTO answer_info (id, question_id, score, title, image_url, order_char, create_time) VALUES (460, 78, 0, '', '1719814163606.png', 'D', '2024-07-01 14:09:47');
INSERT INTO answer_info (id, question_id, score, title, image_url, order_char, create_time) VALUES (461, 78, 0, '', '1719814170845.png', 'E', '2024-07-01 14:09:47');
INSERT INTO answer_info (id, question_id, score, title, image_url, order_char, create_time) VALUES (462, 78, 0, '', '1719814173692.png', 'F', '2024-07-01 14:09:47');
INSERT INTO answer_info (id, question_id, score, title, image_url, order_char, create_time) VALUES (463, 78, 0, '', '1719814177277.png', 'G', '2024-07-01 14:09:47');
INSERT INTO answer_info (id, question_id, score, title, image_url, order_char, create_time) VALUES (464, 78, 0, '', '1719814180694.png', 'H', '2024-07-01 14:09:47');
INSERT INTO answer_info (id, question_id, score, title, image_url, order_char, create_time) VALUES (465, 79, 0, '', '1719814329223.png', 'A', '2024-07-01 14:13:10');
INSERT INTO answer_info (id, question_id, score, title, image_url, order_char, create_time) VALUES (466, 79, 1, '', '1719814334740.png', 'B', '2024-07-01 14:13:10');
INSERT INTO answer_info (id, question_id, score, title, image_url, order_char, create_time) VALUES (467, 79, 0, '', '1719814355153.png', 'C', '2024-07-01 14:13:10');
INSERT INTO answer_info (id, question_id, score, title, image_url, order_char, create_time) VALUES (468, 79, 0, '', '1719814366703.png', 'D', '2024-07-01 14:13:10');
INSERT INTO answer_info (id, question_id, score, title, image_url, order_char, create_time) VALUES (469, 79, 0, '', '1719814373371.png', 'E', '2024-07-01 14:13:10');
INSERT INTO answer_info (id, question_id, score, title, image_url, order_char, create_time) VALUES (470, 79, 0, '', '1719814376828.png', 'F', '2024-07-01 14:13:10');
INSERT INTO answer_info (id, question_id, score, title, image_url, order_char, create_time) VALUES (471, 79, 0, '', '1719814381081.png', 'G', '2024-07-01 14:13:10');
INSERT INTO answer_info (id, question_id, score, title, image_url, order_char, create_time) VALUES (472, 79, 0, '', '1719814385287.png', 'H', '2024-07-01 14:13:10');
INSERT INTO answer_info (id, question_id, score, title, image_url, order_char, create_time) VALUES (473, 80, 0, '', '1719814521790.png', 'A', '2024-07-01 14:15:56');
INSERT INTO answer_info (id, question_id, score, title, image_url, order_char, create_time) VALUES (474, 80, 0, '', '1719814524546.png', 'B', '2024-07-01 14:15:56');
INSERT INTO answer_info (id, question_id, score, title, image_url, order_char, create_time) VALUES (475, 80, 0, '', '1719814529750.png', 'C', '2024-07-01 14:15:56');
INSERT INTO answer_info (id, question_id, score, title, image_url, order_char, create_time) VALUES (476, 80, 0, '', '1719814533005.png', 'D', '2024-07-01 14:15:56');
INSERT INTO answer_info (id, question_id, score, title, image_url, order_char, create_time) VALUES (477, 80, 1, '', '1719814542907.png', 'E', '2024-07-01 14:15:56');
INSERT INTO answer_info (id, question_id, score, title, image_url, order_char, create_time) VALUES (478, 80, 0, '', '1719814547466.png', 'F', '2024-07-01 14:15:56');
INSERT INTO answer_info (id, question_id, score, title, image_url, order_char, create_time) VALUES (479, 80, 0, '', '1719814550539.png', 'G', '2024-07-01 14:15:56');
INSERT INTO answer_info (id, question_id, score, title, image_url, order_char, create_time) VALUES (480, 80, 0, '', '1719814553579.png', 'H', '2024-07-01 14:15:56');
INSERT INTO answer_info (id, question_id, score, title, image_url, order_char, create_time) VALUES (481, 81, 0, '', '1719814687103.png', 'A', '2024-07-01 14:18:53');
INSERT INTO answer_info (id, question_id, score, title, image_url, order_char, create_time) VALUES (482, 81, 0, '', '1719814690107.png', 'B', '2024-07-01 14:18:53');
INSERT INTO answer_info (id, question_id, score, title, image_url, order_char, create_time) VALUES (483, 81, 0, '', '1719814694938.png', 'C', '2024-07-01 14:18:53');
INSERT INTO answer_info (id, question_id, score, title, image_url, order_char, create_time) VALUES (484, 81, 0, '', '1719814700436.png', 'D', '2024-07-01 14:18:53');
INSERT INTO answer_info (id, question_id, score, title, image_url, order_char, create_time) VALUES (485, 81, 0, '', '1719814715082.png', 'E', '2024-07-01 14:18:53');
INSERT INTO answer_info (id, question_id, score, title, image_url, order_char, create_time) VALUES (486, 81, 1, '', '1719814719238.png', 'F', '2024-07-01 14:18:53');
INSERT INTO answer_info (id, question_id, score, title, image_url, order_char, create_time) VALUES (487, 81, 0, '', '1719814723443.png', 'G', '2024-07-01 14:18:53');
INSERT INTO answer_info (id, question_id, score, title, image_url, order_char, create_time) VALUES (488, 81, 0, '', '1719814729728.png', 'H', '2024-07-01 14:18:53');
INSERT INTO answer_info (id, question_id, score, title, image_url, order_char, create_time) VALUES (489, 82, 0, '', '1719814890313.png', 'A', '2024-07-01 14:22:01');
INSERT INTO answer_info (id, question_id, score, title, image_url, order_char, create_time) VALUES (490, 82, 0, '', '1719814893499.png', 'B', '2024-07-01 14:22:01');
INSERT INTO answer_info (id, question_id, score, title, image_url, order_char, create_time) VALUES (491, 82, 0, '', '1719814899813.png', 'C', '2024-07-01 14:22:01');
INSERT INTO answer_info (id, question_id, score, title, image_url, order_char, create_time) VALUES (492, 82, 0, '', '1719814903472.png', 'D', '2024-07-01 14:22:01');
INSERT INTO answer_info (id, question_id, score, title, image_url, order_char, create_time) VALUES (493, 82, 0, '', '1719814910451.png', 'E', '2024-07-01 14:22:01');
INSERT INTO answer_info (id, question_id, score, title, image_url, order_char, create_time) VALUES (494, 82, 0, '', '1719814912890.png', 'F', '2024-07-01 14:22:01');
INSERT INTO answer_info (id, question_id, score, title, image_url, order_char, create_time) VALUES (495, 82, 1, '', '1719814916627.png', 'G', '2024-07-01 14:22:01');
INSERT INTO answer_info (id, question_id, score, title, image_url, order_char, create_time) VALUES (496, 82, 0, '', '1719814919188.png', 'H', '2024-07-01 14:22:01');
INSERT INTO answer_info (id, question_id, score, title, image_url, order_char, create_time) VALUES (497, 83, 0, '', '1719815063285.png', 'A', '2024-07-01 14:24:55');
INSERT INTO answer_info (id, question_id, score, title, image_url, order_char, create_time) VALUES (498, 83, 0, '', '1719815066119.png', 'B', '2024-07-01 14:24:55');
INSERT INTO answer_info (id, question_id, score, title, image_url, order_char, create_time) VALUES (499, 83, 0, '', '1719815070020.png', 'C', '2024-07-01 14:24:55');
INSERT INTO answer_info (id, question_id, score, title, image_url, order_char, create_time) VALUES (500, 83, 0, '', '1719815073609.png', 'D', '2024-07-01 14:24:55');
INSERT INTO answer_info (id, question_id, score, title, image_url, order_char, create_time) VALUES (501, 83, 0, '', '1719815081199.png', 'E', '2024-07-01 14:24:55');
INSERT INTO answer_info (id, question_id, score, title, image_url, order_char, create_time) VALUES (502, 83, 1, '', '1719815084677.png', 'F', '2024-07-01 14:24:56');
INSERT INTO answer_info (id, question_id, score, title, image_url, order_char, create_time) VALUES (503, 83, 0, '', '1719815089443.png', 'G', '2024-07-01 14:24:56');
INSERT INTO answer_info (id, question_id, score, title, image_url, order_char, create_time) VALUES (504, 83, 0, '', '1719815093261.png', 'H', '2024-07-01 14:24:56');
INSERT INTO answer_info (id, question_id, score, title, image_url, order_char, create_time) VALUES (505, 84, 0, '', '1719815215843.png', 'A', '2024-07-01 14:27:28');
INSERT INTO answer_info (id, question_id, score, title, image_url, order_char, create_time) VALUES (506, 84, 0, '', '1719815218645.png', 'B', '2024-07-01 14:27:28');
INSERT INTO answer_info (id, question_id, score, title, image_url, order_char, create_time) VALUES (507, 84, 0, '', '1719815221979.png', 'C', '2024-07-01 14:27:28');
INSERT INTO answer_info (id, question_id, score, title, image_url, order_char, create_time) VALUES (508, 84, 0, '', '1719815225026.png', 'D', '2024-07-01 14:27:28');
INSERT INTO answer_info (id, question_id, score, title, image_url, order_char, create_time) VALUES (509, 84, 0, '', '1719815230683.png', 'E', '2024-07-01 14:27:28');
INSERT INTO answer_info (id, question_id, score, title, image_url, order_char, create_time) VALUES (510, 84, 0, '', '1719815233696.png', 'F', '2024-07-01 14:27:28');
INSERT INTO answer_info (id, question_id, score, title, image_url, order_char, create_time) VALUES (511, 84, 0, '', '1719815236702.png', 'G', '2024-07-01 14:27:28');
INSERT INTO answer_info (id, question_id, score, title, image_url, order_char, create_time) VALUES (512, 84, 1, '', '1719815245450.png', 'H', '2024-07-01 14:27:28');
INSERT INTO answer_info (id, question_id, score, title, image_url, order_char, create_time) VALUES (513, 85, 0, '', '1719815410668.png', 'A', '2024-07-01 14:30:42');
INSERT INTO answer_info (id, question_id, score, title, image_url, order_char, create_time) VALUES (514, 85, 1, '', '1719815414625.png', 'B', '2024-07-01 14:30:42');
INSERT INTO answer_info (id, question_id, score, title, image_url, order_char, create_time) VALUES (515, 85, 0, '', '1719815420720.png', 'C', '2024-07-01 14:30:42');
INSERT INTO answer_info (id, question_id, score, title, image_url, order_char, create_time) VALUES (516, 85, 0, '', '1719815424781.png', 'D', '2024-07-01 14:30:42');
INSERT INTO answer_info (id, question_id, score, title, image_url, order_char, create_time) VALUES (517, 85, 0, '', '1719815430715.png', 'E', '2024-07-01 14:30:42');
INSERT INTO answer_info (id, question_id, score, title, image_url, order_char, create_time) VALUES (518, 85, 0, '', '1719815433321.png', 'F', '2024-07-01 14:30:42');
INSERT INTO answer_info (id, question_id, score, title, image_url, order_char, create_time) VALUES (519, 85, 0, '', '1719815436232.png', 'G', '2024-07-01 14:30:42');
INSERT INTO answer_info (id, question_id, score, title, image_url, order_char, create_time) VALUES (520, 85, 0, '', '1719815439851.png', 'H', '2024-07-01 14:30:42');
INSERT INTO answer_info (id, question_id, score, title, image_url, order_char, create_time) VALUES (521, 86, 1, '', '1719815575086.png', 'A', '2024-07-01 14:33:24');
INSERT INTO answer_info (id, question_id, score, title, image_url, order_char, create_time) VALUES (522, 86, 0, '', '1719815577689.png', 'B', '2024-07-01 14:33:24');
INSERT INTO answer_info (id, question_id, score, title, image_url, order_char, create_time) VALUES (523, 86, 0, '', '1719815582080.png', 'C', '2024-07-01 14:33:24');
INSERT INTO answer_info (id, question_id, score, title, image_url, order_char, create_time) VALUES (524, 86, 0, '', '1719815585944.png', 'D', '2024-07-01 14:33:24');
INSERT INTO answer_info (id, question_id, score, title, image_url, order_char, create_time) VALUES (525, 86, 0, '', '1719815591999.png', 'E', '2024-07-01 14:33:24');
INSERT INTO answer_info (id, question_id, score, title, image_url, order_char, create_time) VALUES (526, 86, 0, '', '1719815594591.png', 'F', '2024-07-01 14:33:24');
INSERT INTO answer_info (id, question_id, score, title, image_url, order_char, create_time) VALUES (527, 86, 0, '', '1719815597989.png', 'G', '2024-07-01 14:33:24');
INSERT INTO answer_info (id, question_id, score, title, image_url, order_char, create_time) VALUES (528, 86, 0, '', '1719815601381.png', 'H', '2024-07-01 14:33:24');
INSERT INTO answer_info (id, question_id, score, title, image_url, order_char, create_time) VALUES (529, 87, 0, '', '1719815746592.png', 'A', '2024-07-01 14:36:42');
INSERT INTO answer_info (id, question_id, score, title, image_url, order_char, create_time) VALUES (530, 87, 0, '', '1719815763953.png', 'B', '2024-07-01 14:36:42');
INSERT INTO answer_info (id, question_id, score, title, image_url, order_char, create_time) VALUES (531, 87, 0, '', '1719815768109.png', 'C', '2024-07-01 14:36:42');
INSERT INTO answer_info (id, question_id, score, title, image_url, order_char, create_time) VALUES (532, 87, 0, '', '1719815773190.png', 'D', '2024-07-01 14:36:42');
INSERT INTO answer_info (id, question_id, score, title, image_url, order_char, create_time) VALUES (533, 87, 1, '', '1719815780770.png', 'E', '2024-07-01 14:36:42');
INSERT INTO answer_info (id, question_id, score, title, image_url, order_char, create_time) VALUES (534, 87, 0, '', '1719815785520.png', 'F', '2024-07-01 14:36:42');
INSERT INTO answer_info (id, question_id, score, title, image_url, order_char, create_time) VALUES (535, 87, 0, '', '1719815789343.png', 'G', '2024-07-01 14:36:42');
INSERT INTO answer_info (id, question_id, score, title, image_url, order_char, create_time) VALUES (536, 87, 0, '', '1719815792046.png', 'H', '2024-07-01 14:36:42');
INSERT INTO answer_info (id, question_id, score, title, image_url, order_char, create_time) VALUES (537, 88, 1, '', '1719815940443.png', 'A', '2024-07-01 14:39:31');
INSERT INTO answer_info (id, question_id, score, title, image_url, order_char, create_time) VALUES (538, 88, 0, '', '1719815943011.png', 'B', '2024-07-01 14:39:31');
INSERT INTO answer_info (id, question_id, score, title, image_url, order_char, create_time) VALUES (539, 88, 0, '', '1719815946321.png', 'C', '2024-07-01 14:39:31');
INSERT INTO answer_info (id, question_id, score, title, image_url, order_char, create_time) VALUES (540, 88, 0, '', '1719815949020.png', 'D', '2024-07-01 14:39:31');
INSERT INTO answer_info (id, question_id, score, title, image_url, order_char, create_time) VALUES (541, 88, 0, '', '1719815959583.png', 'E', '2024-07-01 14:39:31');
INSERT INTO answer_info (id, question_id, score, title, image_url, order_char, create_time) VALUES (542, 88, 0, '', '1719815962009.png', 'F', '2024-07-01 14:39:31');
INSERT INTO answer_info (id, question_id, score, title, image_url, order_char, create_time) VALUES (543, 88, 0, '', '1719815965089.png', 'G', '2024-07-01 14:39:31');
INSERT INTO answer_info (id, question_id, score, title, image_url, order_char, create_time) VALUES (544, 88, 0, '', '1719815968962.png', 'H', '2024-07-01 14:39:31');
INSERT INTO answer_info (id, question_id, score, title, image_url, order_char, create_time) VALUES (545, 89, 0, '', '1719816095600.png', 'A', '2024-07-01 14:42:10');
INSERT INTO answer_info (id, question_id, score, title, image_url, order_char, create_time) VALUES (546, 89, 0, '', '1719816098790.png', 'B', '2024-07-01 14:42:10');
INSERT INTO answer_info (id, question_id, score, title, image_url, order_char, create_time) VALUES (547, 89, 0, '', '1719816102557.png', 'C', '2024-07-01 14:42:10');
INSERT INTO answer_info (id, question_id, score, title, image_url, order_char, create_time) VALUES (548, 89, 0, '', '1719816106992.png', 'D', '2024-07-01 14:42:10');
INSERT INTO answer_info (id, question_id, score, title, image_url, order_char, create_time) VALUES (549, 89, 0, '', '1719816114151.png', 'E', '2024-07-01 14:42:10');
INSERT INTO answer_info (id, question_id, score, title, image_url, order_char, create_time) VALUES (550, 89, 1, '', '1719816118637.png', 'F', '2024-07-01 14:42:10');
INSERT INTO answer_info (id, question_id, score, title, image_url, order_char, create_time) VALUES (551, 89, 0, '', '1719816122167.png', 'G', '2024-07-01 14:42:10');
INSERT INTO answer_info (id, question_id, score, title, image_url, order_char, create_time) VALUES (552, 89, 0, '', '1719816127561.png', 'H', '2024-07-01 14:42:10');
INSERT INTO answer_info (id, question_id, score, title, image_url, order_char, create_time) VALUES (553, 90, 0, '', '1719816251913.png', 'A', '2024-07-01 14:45:00');
INSERT INTO answer_info (id, question_id, score, title, image_url, order_char, create_time) VALUES (554, 90, 0, '', '1719816261572.png', 'B', '2024-07-01 14:45:00');
INSERT INTO answer_info (id, question_id, score, title, image_url, order_char, create_time) VALUES (555, 90, 1, '', '1719816266121.png', 'C', '2024-07-01 14:45:00');
INSERT INTO answer_info (id, question_id, score, title, image_url, order_char, create_time) VALUES (556, 90, 0, '', '1719816275574.png', 'D', '2024-07-01 14:45:00');
INSERT INTO answer_info (id, question_id, score, title, image_url, order_char, create_time) VALUES (557, 90, 0, '', '1719816282978.png', 'E', '2024-07-01 14:45:00');
INSERT INTO answer_info (id, question_id, score, title, image_url, order_char, create_time) VALUES (558, 90, 0, '', '1719816286434.png', 'F', '2024-07-01 14:45:00');
INSERT INTO answer_info (id, question_id, score, title, image_url, order_char, create_time) VALUES (559, 90, 0, '', '1719816291354.png', 'G', '2024-07-01 14:45:00');
INSERT INTO answer_info (id, question_id, score, title, image_url, order_char, create_time) VALUES (560, 90, 0, '', '1719816296658.png', 'H', '2024-07-01 14:45:00');
INSERT INTO answer_info (id, question_id, score, title, image_url, order_char, create_time) VALUES (561, 91, 0, '', '1719816450023.png', 'A', '2024-07-01 14:47:58');
INSERT INTO answer_info (id, question_id, score, title, image_url, order_char, create_time) VALUES (562, 91, 1, '', '1719816452906.png', 'B', '2024-07-01 14:47:58');
INSERT INTO answer_info (id, question_id, score, title, image_url, order_char, create_time) VALUES (563, 91, 0, '', '1719816456540.png', 'C', '2024-07-01 14:47:58');
INSERT INTO answer_info (id, question_id, score, title, image_url, order_char, create_time) VALUES (564, 91, 0, '', '1719816461084.png', 'D', '2024-07-01 14:47:58');
INSERT INTO answer_info (id, question_id, score, title, image_url, order_char, create_time) VALUES (565, 91, 0, '', '1719816467539.png', 'E', '2024-07-01 14:47:58');
INSERT INTO answer_info (id, question_id, score, title, image_url, order_char, create_time) VALUES (566, 91, 0, '', '1719816470432.png', 'F', '2024-07-01 14:47:58');
INSERT INTO answer_info (id, question_id, score, title, image_url, order_char, create_time) VALUES (567, 91, 0, '', '1719816473805.png', 'G', '2024-07-01 14:47:58');
INSERT INTO answer_info (id, question_id, score, title, image_url, order_char, create_time) VALUES (568, 91, 0, '', '1719816476336.png', 'H', '2024-07-01 14:47:58');
INSERT INTO answer_info (id, question_id, score, title, image_url, order_char, create_time) VALUES (569, 92, 0, '', '1719816603515.png', 'A', '2024-07-01 14:50:34');
INSERT INTO answer_info (id, question_id, score, title, image_url, order_char, create_time) VALUES (570, 92, 0, '', '1719816606805.png', 'B', '2024-07-01 14:50:34');
INSERT INTO answer_info (id, question_id, score, title, image_url, order_char, create_time) VALUES (571, 92, 0, '', '1719816611288.png', 'C', '2024-07-01 14:50:34');
INSERT INTO answer_info (id, question_id, score, title, image_url, order_char, create_time) VALUES (572, 92, 1, '', '1719816615289.png', 'D', '2024-07-01 14:50:34');
INSERT INTO answer_info (id, question_id, score, title, image_url, order_char, create_time) VALUES (573, 92, 0, '', '1719816622310.png', 'E', '2024-07-01 14:50:34');
INSERT INTO answer_info (id, question_id, score, title, image_url, order_char, create_time) VALUES (574, 92, 0, '', '1719816624838.png', 'F', '2024-07-01 14:50:34');
INSERT INTO answer_info (id, question_id, score, title, image_url, order_char, create_time) VALUES (575, 92, 0, '', '1719816628042.png', 'G', '2024-07-01 14:50:34');
INSERT INTO answer_info (id, question_id, score, title, image_url, order_char, create_time) VALUES (576, 92, 0, '', '1719816631291.png', 'H', '2024-07-01 14:50:34');
INSERT INTO answer_info (id, question_id, score, title, image_url, order_char, create_time) VALUES (577, 93, 0, '', '1719816752262.png', 'A', '2024-07-01 14:52:59');
INSERT INTO answer_info (id, question_id, score, title, image_url, order_char, create_time) VALUES (578, 93, 0, '', '1719816755120.png', 'B', '2024-07-01 14:52:59');
INSERT INTO answer_info (id, question_id, score, title, image_url, order_char, create_time) VALUES (579, 93, 0, '', '1719816760831.png', 'C', '2024-07-01 14:52:59');
INSERT INTO answer_info (id, question_id, score, title, image_url, order_char, create_time) VALUES (580, 93, 0, '', '1719816764369.png', 'D', '2024-07-01 14:52:59');
INSERT INTO answer_info (id, question_id, score, title, image_url, order_char, create_time) VALUES (581, 93, 1, '', '1719816767616.png', 'E', '2024-07-01 14:52:59');
INSERT INTO answer_info (id, question_id, score, title, image_url, order_char, create_time) VALUES (582, 93, 0, '', '1719816771744.png', 'F', '2024-07-01 14:52:59');
INSERT INTO answer_info (id, question_id, score, title, image_url, order_char, create_time) VALUES (583, 93, 0, '', '1719816774946.png', 'G', '2024-07-01 14:52:59');
INSERT INTO answer_info (id, question_id, score, title, image_url, order_char, create_time) VALUES (584, 93, 0, '', '1719816777997.png', 'H', '2024-07-01 14:52:59');
INSERT INTO answer_info (id, question_id, score, title, image_url, order_char, create_time) VALUES (585, 94, 6, '', '1719817337480.png', 'A', '2024-07-01 15:02:32');
INSERT INTO answer_info (id, question_id, score, title, image_url, order_char, create_time) VALUES (586, 94, 6, '', '1719817340512.png', 'B', '2024-07-01 15:02:32');
INSERT INTO answer_info (id, question_id, score, title, image_url, order_char, create_time) VALUES (587, 94, 5, '', '1719817345446.png', 'C', '2024-07-01 15:02:32');
INSERT INTO answer_info (id, question_id, score, title, image_url, order_char, create_time) VALUES (588, 94, 8, '', '1719817348431.png', 'D', '2024-07-01 15:02:32');
INSERT INTO answer_info (id, question_id, score, title, image_url, order_char, create_time) VALUES (589, 95, 0, '', '1719817416297.png', 'A', '2024-07-01 15:05:42');
INSERT INTO answer_info (id, question_id, score, title, image_url, order_char, create_time) VALUES (590, 95, 0, '', '1719817420078.png', 'B', '2024-07-01 15:05:42');
INSERT INTO answer_info (id, question_id, score, title, image_url, order_char, create_time) VALUES (591, 95, 0, '', '1719817424541.png', 'C', '2024-07-01 15:05:42');
INSERT INTO answer_info (id, question_id, score, title, image_url, order_char, create_time) VALUES (592, 95, 1, '', '1719817427613.png', 'D', '2024-07-01 15:05:42');
INSERT INTO answer_info (id, question_id, score, title, image_url, order_char, create_time) VALUES (593, 96, 0, '一年之内', '', 'A', '2024-07-06 16:35:47');
INSERT INTO answer_info (id, question_id, score, title, image_url, order_char, create_time) VALUES (594, 96, 1, '两年之内', '', 'B', '2024-07-06 16:35:47');
INSERT INTO answer_info (id, question_id, score, title, image_url, order_char, create_time) VALUES (595, 96, 3, '五年之内', '', 'C', '2024-07-06 16:35:47');
INSERT INTO answer_info (id, question_id, score, title, image_url, order_char, create_time) VALUES (596, 97, 0, '0', '', 'A', '2024-07-06 16:37:13');
INSERT INTO answer_info (id, question_id, score, title, image_url, order_char, create_time) VALUES (597, 97, 0, '1', '', 'B', '2024-07-06 16:37:13');
INSERT INTO answer_info (id, question_id, score, title, image_url, order_char, create_time) VALUES (598, 97, 1, '2', '', 'C', '2024-07-06 16:37:13');
INSERT INTO answer_info (id, question_id, score, title, image_url, order_char, create_time) VALUES (599, 97, 5, '3以上', '', 'D', '2024-07-06 16:37:13');
INSERT INTO answer_info (id, question_id, score, title, image_url, order_char, create_time) VALUES (600, 98, 0, '没有', '', 'A', '2024-07-06 16:38:11');
INSERT INTO answer_info (id, question_id, score, title, image_url, order_char, create_time) VALUES (601, 98, 1, '偶尔', '', 'B', '2024-07-06 16:38:11');
INSERT INTO answer_info (id, question_id, score, title, image_url, order_char, create_time) VALUES (602, 99, 0, '总是空仓', '', 'A', '2024-07-06 16:38:40');
INSERT INTO answer_info (id, question_id, score, title, image_url, order_char, create_time) VALUES (603, 99, 5, '行情很差时会选择空仓', '', 'B', '2024-07-06 16:38:40');
INSERT INTO answer_info (id, question_id, score, title, image_url, order_char, create_time) VALUES (604, 100, 0, '永远满仓一支股', '', 'A', '2024-07-06 16:39:32');
INSERT INTO answer_info (id, question_id, score, title, image_url, order_char, create_time) VALUES (605, 100, 2, '小资金有行情时，会重仓一支股实现快速做大', '', 'B', '2024-07-06 16:39:32');
INSERT INTO answer_info (id, question_id, score, title, image_url, order_char, create_time) VALUES (606, 101, 0, '否', '', 'A', '2024-07-06 16:42:17');
INSERT INTO answer_info (id, question_id, score, title, image_url, order_char, create_time) VALUES (607, 101, 1, '坚持一段时间后放弃', '', 'B', '2024-07-06 16:42:17');
INSERT INTO answer_info (id, question_id, score, title, image_url, order_char, create_time) VALUES (608, 101, 3, '坚持了很长时间，没成功', '', 'C', '2024-07-06 16:42:17');
INSERT INTO answer_info (id, question_id, score, title, image_url, order_char, create_time) VALUES (609, 101, 5, '坚持并成功', '', 'D', '2024-07-06 16:42:17');
INSERT INTO answer_info (id, question_id, score, title, image_url, order_char, create_time) VALUES (610, 102, 0, '看一眼', '', 'A', '2024-07-06 16:43:46');
INSERT INTO answer_info (id, question_id, score, title, image_url, order_char, create_time) VALUES (611, 102, 0, '一小时内', '', 'B', '2024-07-06 16:43:46');
INSERT INTO answer_info (id, question_id, score, title, image_url, order_char, create_time) VALUES (612, 102, 2, '四小时', '', 'C', '2024-07-06 16:43:46');
INSERT INTO answer_info (id, question_id, score, title, image_url, order_char, create_time) VALUES (613, 102, 5, '八小时以上', '', 'D', '2024-07-06 16:43:46');
INSERT INTO answer_info (id, question_id, score, title, image_url, order_char, create_time) VALUES (614, 103, 0, '看一眼', '', 'A', '2024-07-06 16:44:52');
INSERT INTO answer_info (id, question_id, score, title, image_url, order_char, create_time) VALUES (615, 103, 0, '一小时', '', 'B', '2024-07-06 16:44:52');
INSERT INTO answer_info (id, question_id, score, title, image_url, order_char, create_time) VALUES (616, 103, 3, '全部交易时间', '', 'C', '2024-07-06 16:44:52');
INSERT INTO answer_info (id, question_id, score, title, image_url, order_char, create_time) VALUES (617, 104, 2, '是', '', 'A', '2024-07-06 16:45:23');
INSERT INTO answer_info (id, question_id, score, title, image_url, order_char, create_time) VALUES (618, 104, 0, '不是', '', 'B', '2024-07-06 16:45:23');
INSERT INTO answer_info (id, question_id, score, title, image_url, order_char, create_time) VALUES (619, 105, 3, '有，每天都坚持复盘', '', 'A', '2024-07-06 16:45:52');
INSERT INTO answer_info (id, question_id, score, title, image_url, order_char, create_time) VALUES (620, 105, 2, '在有行情的时候总是复盘', '', 'B', '2024-07-06 16:45:52');
INSERT INTO answer_info (id, question_id, score, title, image_url, order_char, create_time) VALUES (621, 106, 0, '总是焦虑，甚至影响生活', '', 'A', '2024-07-06 16:48:25');
INSERT INTO answer_info (id, question_id, score, title, image_url, order_char, create_time) VALUES (622, 106, 0, '当得知不好的消息的时候，会产生焦虑', '', 'B', '2024-07-06 16:48:25');
INSERT INTO answer_info (id, question_id, score, title, image_url, order_char, create_time) VALUES (623, 107, 0, '30%', '', 'A', '2024-07-06 16:50:40');
INSERT INTO answer_info (id, question_id, score, title, image_url, order_char, create_time) VALUES (624, 107, 0, '60%', '', 'B', '2024-07-06 16:50:40');
INSERT INTO answer_info (id, question_id, score, title, image_url, order_char, create_time) VALUES (625, 107, 0, '100%', '', 'C', '2024-07-06 16:50:40');
INSERT INTO answer_info (id, question_id, score, title, image_url, order_char, create_time) VALUES (626, 107, 5, '不会焦略', '', 'D', '2024-07-06 16:50:40');
INSERT INTO answer_info (id, question_id, score, title, image_url, order_char, create_time) VALUES (627, 108, 0, '多', '', 'A', '2024-07-06 16:51:50');
INSERT INTO answer_info (id, question_id, score, title, image_url, order_char, create_time) VALUES (628, 108, 1, '不多', '', 'B', '2024-07-06 16:51:50');
INSERT INTO answer_info (id, question_id, score, title, image_url, order_char, create_time) VALUES (629, 109, 1, '对', '', 'A', '2024-07-06 16:52:38');
INSERT INTO answer_info (id, question_id, score, title, image_url, order_char, create_time) VALUES (630, 109, 0, '不对', '', 'B', '2024-07-06 16:52:38');
INSERT INTO answer_info (id, question_id, score, title, image_url, order_char, create_time) VALUES (631, 110, 0, '有', '', 'A', '2024-07-06 16:53:26');
INSERT INTO answer_info (id, question_id, score, title, image_url, order_char, create_time) VALUES (632, 110, 5, '没有', '', 'B', '2024-07-06 16:53:26');
INSERT INTO answer_info (id, question_id, score, title, image_url, order_char, create_time) VALUES (633, 111, 0, '有，总是这样 ', '', 'A', '2024-07-06 16:54:24');
INSERT INTO answer_info (id, question_id, score, title, image_url, order_char, create_time) VALUES (634, 111, 0, '经常有，但遇到自己确定的股票会坚持', '', 'B', '2024-07-06 16:54:24');
INSERT INTO answer_info (id, question_id, score, title, image_url, order_char, create_time) VALUES (635, 112, 1, '认同', '', 'A', '2024-07-06 16:55:19');
INSERT INTO answer_info (id, question_id, score, title, image_url, order_char, create_time) VALUES (636, 112, 0, '不认同', '', 'B', '2024-07-06 16:55:19');
INSERT INTO answer_info (id, question_id, score, title, image_url, order_char, create_time) VALUES (637, 113, 0, '认为踏空比亏损还难受', '', 'A', '2024-07-06 16:56:35');
INSERT INTO answer_info (id, question_id, score, title, image_url, order_char, create_time) VALUES (638, 113, 0, '看一看大神们的说法再去选择', '', 'B', '2024-07-06 16:56:35');
INSERT INTO answer_info (id, question_id, score, title, image_url, order_char, create_time) VALUES (639, 114, 0, '没有', '', 'A', '2024-07-06 16:57:49');
INSERT INTO answer_info (id, question_id, score, title, image_url, order_char, create_time) VALUES (640, 114, 0, '2次', '', 'B', '2024-07-06 16:57:49');
INSERT INTO answer_info (id, question_id, score, title, image_url, order_char, create_time) VALUES (641, 114, 3, '5次', '', 'C', '2024-07-06 16:57:49');
INSERT INTO answer_info (id, question_id, score, title, image_url, order_char, create_time) VALUES (642, 114, 2, '5次以上', '', 'D', '2024-07-06 16:57:49');
INSERT INTO answer_info (id, question_id, score, title, image_url, order_char, create_time) VALUES (643, 115, 0, '5w以内', '', 'A', '2024-07-06 16:59:21');
INSERT INTO answer_info (id, question_id, score, title, image_url, order_char, create_time) VALUES (644, 115, 1, '20w以内', '', 'B', '2024-07-06 16:59:21');
INSERT INTO answer_info (id, question_id, score, title, image_url, order_char, create_time) VALUES (645, 115, 2, '100w以内', '', 'C', '2024-07-06 16:59:21');
INSERT INTO answer_info (id, question_id, score, title, image_url, order_char, create_time) VALUES (646, 115, 3, '200w以上', '', 'D', '2024-07-06 16:59:21');
INSERT INTO answer_info (id, question_id, score, title, image_url, order_char, create_time) VALUES (647, 116, 0, '经常翻倍，也经常腰斩', '', 'A', '2024-07-06 16:59:57');
INSERT INTO answer_info (id, question_id, score, title, image_url, order_char, create_time) VALUES (648, 116, 5, '每次有主升行情时总是翻倍', '', 'B', '2024-07-06 16:59:57');
INSERT INTO answer_info (id, question_id, score, title, image_url, order_char, create_time) VALUES (649, 117, 0, '没有一支股票值得涨停买入', '', 'A', '2024-07-06 17:01:18');
INSERT INTO answer_info (id, question_id, score, title, image_url, order_char, create_time) VALUES (650, 117, 0, '很少', '', 'B', '2024-07-06 17:01:18');
INSERT INTO answer_info (id, question_id, score, title, image_url, order_char, create_time) VALUES (651, 117, 0, '有，次数很多', '', 'C', '2024-07-06 17:01:18');
INSERT INTO answer_info (id, question_id, score, title, image_url, order_char, create_time) VALUES (652, 117, 5, '我的模式就是涨跌停为确认点', '', 'D', '2024-07-06 17:01:18');
INSERT INTO answer_info (id, question_id, score, title, image_url, order_char, create_time) VALUES (653, 118, 3, '大行情持仓获得', '', 'A', '2024-07-06 17:03:58');
INSERT INTO answer_info (id, question_id, score, title, image_url, order_char, create_time) VALUES (654, 118, 0, '某支股票快速连扳获得', '', 'B', '2024-07-06 17:03:58');
INSERT INTO answer_info (id, question_id, score, title, image_url, order_char, create_time) VALUES (655, 119, 0, '是', '', 'A', '2024-07-06 17:05:57');
INSERT INTO answer_info (id, question_id, score, title, image_url, order_char, create_time) VALUES (656, 119, 1, '否', '', 'B', '2024-07-06 17:05:57');
INSERT INTO answer_info (id, question_id, score, title, image_url, order_char, create_time) VALUES (657, 120, 3, '有', '', 'A', '2024-07-06 17:12:44');
INSERT INTO answer_info (id, question_id, score, title, image_url, order_char, create_time) VALUES (658, 120, 0, '没有', '', 'B', '2024-07-06 17:12:44');
INSERT INTO answer_info (id, question_id, score, title, image_url, order_char, create_time) VALUES (659, 121, 10, '是', '', 'A', '2024-07-06 17:13:17');
INSERT INTO answer_info (id, question_id, score, title, image_url, order_char, create_time) VALUES (660, 121, 0, '否', '', 'B', '2024-07-06 17:13:17');
INSERT INTO answer_info (id, question_id, score, title, image_url, order_char, create_time) VALUES (661, 122, 0, '有', '', 'A', '2024-07-06 17:13:55');
INSERT INTO answer_info (id, question_id, score, title, image_url, order_char, create_time) VALUES (662, 122, 0, '没有', '', 'B', '2024-07-06 17:13:55');
INSERT INTO answer_info (id, question_id, score, title, image_url, order_char, create_time) VALUES (663, 123, 0, '能', '', 'A', '2024-07-06 17:14:53');
INSERT INTO answer_info (id, question_id, score, title, image_url, order_char, create_time) VALUES (664, 123, 0, '不能', '', 'B', '2024-07-06 17:14:53');
INSERT INTO answer_info (id, question_id, score, title, image_url, order_char, create_time) VALUES (665, 124, 0, '手机', '', 'A', '2024-07-06 17:15:39');
INSERT INTO answer_info (id, question_id, score, title, image_url, order_char, create_time) VALUES (666, 124, 1, '电脑', '', 'B', '2024-07-06 17:15:39');
INSERT INTO answer_info (id, question_id, score, title, image_url, order_char, create_time) VALUES (667, 125, 0, '完全没有', '', 'A', '2024-07-06 17:17:05');
INSERT INTO answer_info (id, question_id, score, title, image_url, order_char, create_time) VALUES (668, 125, 3, '很少，如看好行情持续会抄底', '', 'B', '2024-07-06 17:17:05');
INSERT INTO answer_info (id, question_id, score, title, image_url, order_char, create_time) VALUES (669, 125, 0, '龙头首阴必抄底', '', 'C', '2024-07-06 17:17:05');
INSERT INTO answer_info (id, question_id, score, title, image_url, order_char, create_time) VALUES (670, 126, 0, '是，经常冲动', '', 'A', '2024-07-06 17:19:32');
INSERT INTO answer_info (id, question_id, score, title, image_url, order_char, create_time) VALUES (671, 126, 0, '否，我每次都坚持自己的持有计划', '', 'B', '2024-07-06 17:19:32');
INSERT INTO answer_info (id, question_id, score, title, image_url, order_char, create_time) VALUES (672, 127, 0, '没有', '', 'A', '2024-07-06 17:20:59');
INSERT INTO answer_info (id, question_id, score, title, image_url, order_char, create_time) VALUES (673, 127, 0, '有，很少', '', 'B', '2024-07-06 17:20:59');
INSERT INTO answer_info (id, question_id, score, title, image_url, order_char, create_time) VALUES (674, 127, 1, '会做T，但坚定看好的股票不会因为做T而丢失仓位', '', 'C', '2024-07-06 17:20:59');
INSERT INTO answer_info (id, question_id, score, title, image_url, order_char, create_time) VALUES (675, 128, 0, '百分之一', '', 'A', '2024-07-06 17:22:03');
INSERT INTO answer_info (id, question_id, score, title, image_url, order_char, create_time) VALUES (676, 128, 0, '千分之一', '', 'B', '2024-07-06 17:22:03');
INSERT INTO answer_info (id, question_id, score, title, image_url, order_char, create_time) VALUES (677, 128, 1, '万分之五', '', 'C', '2024-07-06 17:22:03');
INSERT INTO answer_info (id, question_id, score, title, image_url, order_char, create_time) VALUES (678, 128, 0, '万分之一', '', 'D', '2024-07-06 17:22:03');
INSERT INTO answer_info (id, question_id, score, title, image_url, order_char, create_time) VALUES (679, 129, 3, '收到过', '', 'A', '2024-07-06 17:26:10');
INSERT INTO answer_info (id, question_id, score, title, image_url, order_char, create_time) VALUES (680, 129, 0, '没有收到过', '', 'B', '2024-07-06 17:26:10');
INSERT INTO answer_info (id, question_id, score, title, image_url, order_char, create_time) VALUES (681, 130, 0, '开盘半小时内', '', 'A', '2024-07-06 17:27:40');
INSERT INTO answer_info (id, question_id, score, title, image_url, order_char, create_time) VALUES (682, 130, 0, '盘中任何时间', '', 'B', '2024-07-06 17:27:40');
INSERT INTO answer_info (id, question_id, score, title, image_url, order_char, create_time) VALUES (683, 130, 3, '行情启动确认点', '', 'C', '2024-07-06 17:27:40');
INSERT INTO answer_info (id, question_id, score, title, image_url, order_char, create_time) VALUES (684, 131, 0, '总是会', '', 'A', '2024-07-06 17:28:21');
INSERT INTO answer_info (id, question_id, score, title, image_url, order_char, create_time) VALUES (685, 131, 0, '不会', '', 'B', '2024-07-06 17:28:21');
INSERT INTO answer_info (id, question_id, score, title, image_url, order_char, create_time) VALUES (686, 132, 1, '知道', '', 'A', '2024-07-06 17:29:29');
INSERT INTO answer_info (id, question_id, score, title, image_url, order_char, create_time) VALUES (687, 132, 0, '不知道', '', 'B', '2024-07-06 17:29:29');
INSERT INTO answer_info (id, question_id, score, title, image_url, order_char, create_time) VALUES (688, 133, 3, '知道', '', 'A', '2024-07-06 17:30:35');
INSERT INTO answer_info (id, question_id, score, title, image_url, order_char, create_time) VALUES (689, 133, 0, '不知道', '', 'B', '2024-07-06 17:30:35');
INSERT INTO answer_info (id, question_id, score, title, image_url, order_char, create_time) VALUES (690, 134, 0, '扫板买入', '', 'A', '2024-07-06 17:31:39');
INSERT INTO answer_info (id, question_id, score, title, image_url, order_char, create_time) VALUES (691, 134, 0, '排板买入', '', 'B', '2024-07-06 17:31:39');
INSERT INTO answer_info (id, question_id, score, title, image_url, order_char, create_time) VALUES (692, 135, 5, '主线行情并且该股是核心龙头', '', 'A', '2024-07-06 17:33:21');
INSERT INTO answer_info (id, question_id, score, title, image_url, order_char, create_time) VALUES (693, 135, 2, '该股是市场最高连板股', '', 'B', '2024-07-06 17:33:21');
INSERT INTO answer_info (id, question_id, score, title, image_url, order_char, create_time) VALUES (694, 135, 0, '别的股买不到了，只能买它', '', 'C', '2024-07-06 17:33:21');
INSERT INTO answer_info (id, question_id, score, title, image_url, order_char, create_time) VALUES (695, 135, 0, '单纯看好它', '', 'D', '2024-07-06 17:33:21');
INSERT INTO answer_info (id, question_id, score, title, image_url, order_char, create_time) VALUES (696, 136, 0, '有，但从来不用', '', 'A', '2024-07-06 17:34:11');
INSERT INTO answer_info (id, question_id, score, title, image_url, order_char, create_time) VALUES (697, 136, 0, '一直用', '', 'B', '2024-07-06 17:34:11');
INSERT INTO answer_info (id, question_id, score, title, image_url, order_char, create_time) VALUES (698, 137, 0, '20%', '', 'A', '2024-07-06 17:36:20');
INSERT INTO answer_info (id, question_id, score, title, image_url, order_char, create_time) VALUES (699, 137, 0, '40%', '', 'B', '2024-07-06 17:36:20');
INSERT INTO answer_info (id, question_id, score, title, image_url, order_char, create_time) VALUES (700, 137, 1, '60%', '', 'C', '2024-07-06 17:36:20');
INSERT INTO answer_info (id, question_id, score, title, image_url, order_char, create_time) VALUES (701, 137, 5, '80%', '', 'D', '2024-07-06 17:36:20');
INSERT INTO answer_info (id, question_id, score, title, image_url, order_char, create_time) VALUES (702, 138, -10, '会', '', 'A', '2024-07-06 17:36:56');
INSERT INTO answer_info (id, question_id, score, title, image_url, order_char, create_time) VALUES (703, 138, 1, '不会', '', 'B', '2024-07-06 17:36:56');
INSERT INTO answer_info (id, question_id, score, title, image_url, order_char, create_time) VALUES (704, 139, 5, '认亏损，坚决卖出', '', 'A', '2024-07-06 17:39:55');
INSERT INTO answer_info (id, question_id, score, title, image_url, order_char, create_time) VALUES (705, 139, -10, '不认亏损，等反弹', '', 'B', '2024-07-06 17:39:55');
INSERT INTO answer_info (id, question_id, score, title, image_url, order_char, create_time) VALUES (706, 139, 0, '卖出一部分，再观察', '', 'C', '2024-07-06 17:39:55');
INSERT INTO answer_info (id, question_id, score, title, image_url, order_char, create_time) VALUES (707, 139, -20, '补仓，并且抱有幻想', '', 'D', '2024-07-06 17:39:55');
INSERT INTO answer_info (id, question_id, score, title, image_url, order_char, create_time) VALUES (708, 140, 5, '是', '', 'A', '2024-07-06 17:41:23');
INSERT INTO answer_info (id, question_id, score, title, image_url, order_char, create_time) VALUES (709, 140, -5, '不是', '', 'B', '2024-07-06 17:41:23');
INSERT INTO answer_info (id, question_id, score, title, image_url, order_char, create_time) VALUES (710, 141, -10, '有', '', 'A', '2024-07-06 17:41:47');
INSERT INTO answer_info (id, question_id, score, title, image_url, order_char, create_time) VALUES (711, 141, 0, '没有', '', 'B', '2024-07-06 17:41:47');
INSERT INTO answer_info (id, question_id, score, title, image_url, order_char, create_time) VALUES (712, 142, 0, '有', '', 'A', '2024-07-06 17:42:21');
INSERT INTO answer_info (id, question_id, score, title, image_url, order_char, create_time) VALUES (713, 142, -5, '没有', '', 'B', '2024-07-06 17:42:21');
INSERT INTO answer_info (id, question_id, score, title, image_url, order_char, create_time) VALUES (714, 143, 1, '是真的', '', 'A', '2024-07-06 17:43:04');
INSERT INTO answer_info (id, question_id, score, title, image_url, order_char, create_time) VALUES (715, 143, 0, '假的', '', 'B', '2024-07-06 17:43:04');
INSERT INTO answer_info (id, question_id, score, title, image_url, order_char, create_time) VALUES (716, 144, 3, '一直研究，并有所感悟', '', 'A', '2024-07-06 17:44:38');
INSERT INTO answer_info (id, question_id, score, title, image_url, order_char, create_time) VALUES (717, 144, 1, '研究但始终不理解', '', 'B', '2024-07-06 17:44:38');
INSERT INTO answer_info (id, question_id, score, title, image_url, order_char, create_time) VALUES (718, 144, 0, '知道但是没有研究', '', 'C', '2024-07-06 17:44:38');
INSERT INTO answer_info (id, question_id, score, title, image_url, order_char, create_time) VALUES (719, 144, 0, '没听说过', '', 'D', '2024-07-06 17:44:38');
INSERT INTO answer_info (id, question_id, score, title, image_url, order_char, create_time) VALUES (720, 145, 3, '坚信，并且深受鼓舞', '', 'A', '2024-07-06 17:46:26');
INSERT INTO answer_info (id, question_id, score, title, image_url, order_char, create_time) VALUES (721, 145, 0, '相信，但没有那么神', '', 'B', '2024-07-06 17:46:26');
INSERT INTO answer_info (id, question_id, score, title, image_url, order_char, create_time) VALUES (722, 145, 0, '将信将疑', '', 'C', '2024-07-06 17:46:26');
INSERT INTO answer_info (id, question_id, score, title, image_url, order_char, create_time) VALUES (723, 145, 0, '狗屁神话', '', 'D', '2024-07-06 17:46:26');
INSERT INTO answer_info (id, question_id, score, title, image_url, order_char, create_time) VALUES (724, 146, 5, '能参加的都参加，并获取不错的名次', '', 'A', '2024-07-06 17:48:30');
INSERT INTO answer_info (id, question_id, score, title, image_url, order_char, create_time) VALUES (725, 146, 2, '参加过，但是成绩不理想', '', 'B', '2024-07-06 17:48:30');
INSERT INTO answer_info (id, question_id, score, title, image_url, order_char, create_time) VALUES (726, 146, 1, '没参加过，但相信实盘能提高水平', '', 'C', '2024-07-06 17:48:30');
INSERT INTO answer_info (id, question_id, score, title, image_url, order_char, create_time) VALUES (727, 146, 0, '一帮骗子，产业链', '', 'D', '2024-07-06 17:48:30');
INSERT INTO answer_info (id, question_id, score, title, image_url, order_char, create_time) VALUES (728, 147, 1, '是', '', 'A', '2024-07-06 17:49:50');
INSERT INTO answer_info (id, question_id, score, title, image_url, order_char, create_time) VALUES (729, 147, 0, '否', '', 'B', '2024-07-06 17:49:50');
INSERT INTO answer_info (id, question_id, score, title, image_url, order_char, create_time) VALUES (730, 148, 0, '比赛并且获取名气', '', 'A', '2024-07-06 17:51:58');
INSERT INTO answer_info (id, question_id, score, title, image_url, order_char, create_time) VALUES (731, 148, 3, '以实盘的方式监督自己的交易', '', 'B', '2024-07-06 17:51:58');
INSERT INTO answer_info (id, question_id, score, title, image_url, order_char, create_time) VALUES (732, 148, 2, '以实盘的方式跟各选手进行交流', '', 'C', '2024-07-06 17:51:58');
INSERT INTO answer_info (id, question_id, score, title, image_url, order_char, create_time) VALUES (733, 148, 0, '吸引流量，卖课收割股民', '', 'D', '2024-07-06 17:51:58');
INSERT INTO answer_info (id, question_id, score, title, image_url, order_char, create_time) VALUES (734, 149, 3, '会', '', 'A', '2024-07-06 17:53:08');
INSERT INTO answer_info (id, question_id, score, title, image_url, order_char, create_time) VALUES (735, 149, 0, '不会', '', 'B', '2024-07-06 17:53:08');
INSERT INTO answer_info (id, question_id, score, title, image_url, order_char, create_time) VALUES (736, 150, 3, '有', '', 'A', '2024-07-06 17:53:58');
INSERT INTO answer_info (id, question_id, score, title, image_url, order_char, create_time) VALUES (737, 150, 0, '没有', '', 'B', '2024-07-06 17:53:58');
INSERT INTO answer_info (id, question_id, score, title, image_url, order_char, create_time) VALUES (738, 151, 0, '不认为', '', 'A', '2024-07-06 17:55:49');
INSERT INTO answer_info (id, question_id, score, title, image_url, order_char, create_time) VALUES (739, 151, 1, '认为', '', 'B', '2024-07-06 17:55:49');
INSERT INTO answer_info (id, question_id, score, title, image_url, order_char, create_time) VALUES (740, 152, 0, '没有影响', '', 'A', '2024-07-06 17:57:45');
INSERT INTO answer_info (id, question_id, score, title, image_url, order_char, create_time) VALUES (741, 152, 0, '有影响，不多', '', 'B', '2024-07-06 17:57:45');
INSERT INTO answer_info (id, question_id, score, title, image_url, order_char, create_time) VALUES (742, 152, 1, '有比较大影响', '', 'C', '2024-07-06 17:57:45');
INSERT INTO answer_info (id, question_id, score, title, image_url, order_char, create_time) VALUES (743, 152, 2, '完全影响', '', 'D', '2024-07-06 17:57:45');
INSERT INTO answer_info (id, question_id, score, title, image_url, order_char, create_time) VALUES (744, 153, 0, '没有', '', 'A', '2024-07-06 17:59:45');
INSERT INTO answer_info (id, question_id, score, title, image_url, order_char, create_time) VALUES (745, 153, 0, '有影响，但不大', '', 'B', '2024-07-06 17:59:45');
INSERT INTO answer_info (id, question_id, score, title, image_url, order_char, create_time) VALUES (746, 153, 0, '市场一定存在某种战法能持续盈利', '', 'C', '2024-07-06 17:59:45');
INSERT INTO answer_info (id, question_id, score, title, image_url, order_char, create_time) VALUES (747, 153, 5, '所谓的股票战法要适应当前的市场环境', '', 'D', '2024-07-06 17:59:45');
INSERT INTO answer_info (id, question_id, score, title, image_url, order_char, create_time) VALUES (748, 154, 3, '坚持自己的持仓', '', 'A', '2024-07-06 18:01:19');
INSERT INTO answer_info (id, question_id, score, title, image_url, order_char, create_time) VALUES (749, 154, 0, '卖出后买入别人大涨的股票', '', 'B', '2024-07-06 18:01:19');
INSERT INTO answer_info (id, question_id, score, title, image_url, order_char, create_time) VALUES (750, 155, 0, '会', '', 'A', '2024-07-06 18:02:11');
INSERT INTO answer_info (id, question_id, score, title, image_url, order_char, create_time) VALUES (751, 155, 0, '不会', '', 'B', '2024-07-06 18:02:11');
INSERT INTO answer_info (id, question_id, score, title, image_url, order_char, create_time) VALUES (752, 156, 0, '知识重要', '', 'A', '2024-07-06 18:03:32');
INSERT INTO answer_info (id, question_id, score, title, image_url, order_char, create_time) VALUES (753, 156, 0, '自律重要', '', 'B', '2024-07-06 18:03:32');
INSERT INTO answer_info (id, question_id, score, title, image_url, order_char, create_time) VALUES (754, 156, 1, '都重要', '', 'C', '2024-07-06 18:03:32');
INSERT INTO answer_info (id, question_id, score, title, image_url, order_char, create_time) VALUES (755, 157, 1, '认同', '', 'A', '2024-07-06 18:04:44');
INSERT INTO answer_info (id, question_id, score, title, image_url, order_char, create_time) VALUES (756, 157, 0, '不认同', '', 'B', '2024-07-06 18:04:44');
INSERT INTO answer_info (id, question_id, score, title, image_url, order_char, create_time) VALUES (757, 158, 0, '合适', '', 'A', '2024-07-06 18:06:50');
INSERT INTO answer_info (id, question_id, score, title, image_url, order_char, create_time) VALUES (758, 158, 0, '不合适', '', 'B', '2024-07-06 18:06:50');
INSERT INTO answer_info (id, question_id, score, title, image_url, order_char, create_time) VALUES (759, 159, 5, '一直在', '', 'A', '2024-07-06 18:10:36');
INSERT INTO answer_info (id, question_id, score, title, image_url, order_char, create_time) VALUES (760, 159, 3, '大部分时间在', '', 'B', '2024-07-06 18:10:36');
INSERT INTO answer_info (id, question_id, score, title, image_url, order_char, create_time) VALUES (761, 159, 1, '很少', '', 'C', '2024-07-06 18:10:36');
INSERT INTO answer_info (id, question_id, score, title, image_url, order_char, create_time) VALUES (762, 159, 0, '从不', '', 'D', '2024-07-06 18:10:36');
INSERT INTO answer_info (id, question_id, score, title, image_url, order_char, create_time) VALUES (763, 160, 5, '主升态，交易成交量持续放大，并长时间保持', '', 'A', '2024-07-06 18:15:35');
INSERT INTO answer_info (id, question_id, score, title, image_url, order_char, create_time) VALUES (764, 160, 2, '百股涨停', '', 'B', '2024-07-06 18:15:35');
INSERT INTO answer_info (id, question_id, score, title, image_url, order_char, create_time) VALUES (765, 160, 5, '有明显的持续性大主线', '', 'C', '2024-07-06 18:15:35');
INSERT INTO answer_info (id, question_id, score, title, image_url, order_char, create_time) VALUES (766, 160, -10, '每天轮动十几个板块', '', 'D', '2024-07-06 18:15:35');
INSERT INTO answer_info (id, question_id, score, title, image_url, order_char, create_time) VALUES (767, 160, 1, '跌停板接近于0', '', 'E', '2024-07-06 18:15:35');
INSERT INTO answer_info (id, question_id, score, title, image_url, order_char, create_time) VALUES (768, 160, 3, '核心标的持续新高', '', 'F', '2024-07-06 18:15:35');
INSERT INTO answer_info (id, question_id, score, title, image_url, order_char, create_time) VALUES (769, 161, 5, '总结自己的交易，发现错误的问题并及时纠正', '', 'A', '2024-07-06 18:20:10');
INSERT INTO answer_info (id, question_id, score, title, image_url, order_char, create_time) VALUES (770, 161, 0, '学习老师们的交易方法，并坚定的相信他', '', 'B', '2024-07-06 18:20:10');
INSERT INTO answer_info (id, question_id, score, title, image_url, order_char, create_time) VALUES (771, 161, 0, '听消息炒股', '', 'C', '2024-07-06 18:20:10');
INSERT INTO answer_info (id, question_id, score, title, image_url, order_char, create_time) VALUES (772, 161, 1, '学习各种指标，并利用起来', '', 'D', '2024-07-06 18:20:10');
INSERT INTO answer_info (id, question_id, score, title, image_url, order_char, create_time) VALUES (773, 162, -5, '会', '', 'A', '2024-07-06 18:20:49');
INSERT INTO answer_info (id, question_id, score, title, image_url, order_char, create_time) VALUES (774, 162, 1, '不会', '', 'B', '2024-07-06 18:20:49');
INSERT INTO answer_info (id, question_id, score, title, image_url, order_char, create_time) VALUES (775, 163, 0, '资金量', '', 'A', '2024-07-06 18:23:06');
INSERT INTO answer_info (id, question_id, score, title, image_url, order_char, create_time) VALUES (776, 163, 5, '信心与坚持', '', 'B', '2024-07-06 18:23:06');
INSERT INTO answer_info (id, question_id, score, title, image_url, order_char, create_time) VALUES (777, 163, 0, '团队', '', 'C', '2024-07-06 18:23:06');
INSERT INTO answer_info (id, question_id, score, title, image_url, order_char, create_time) VALUES (778, 163, 0, '各类战法', '', 'D', '2024-07-06 18:23:06');
INSERT INTO answer_info (id, question_id, score, title, image_url, order_char, create_time) VALUES (779, 164, 0, '进攻力极强，一年翻十倍', '', 'A', '2024-07-06 18:25:27');
INSERT INTO answer_info (id, question_id, score, title, image_url, order_char, create_time) VALUES (780, 164, 3, '能够思维清晰，并且保持清醒，随时空仓，严格控制回撤', '', 'B', '2024-07-06 18:25:27');
INSERT INTO answer_info (id, question_id, score, title, image_url, order_char, create_time) VALUES (781, 164, 0, '每天交易总能精准抓住上涨股票', '', 'C', '2024-07-06 18:25:27');
INSERT INTO answer_info (id, question_id, score, title, image_url, order_char, create_time) VALUES (782, 164, 0, '知识丰富', '', 'D', '2024-07-06 18:25:27');
INSERT INTO answer_info (id, question_id, score, title, image_url, order_char, create_time) VALUES (783, 165, 1, '存在', '', 'A', '2024-07-06 18:26:16');
INSERT INTO answer_info (id, question_id, score, title, image_url, order_char, create_time) VALUES (784, 165, 0, '不存在', '', 'B', '2024-07-06 18:26:16');
INSERT INTO answer_info (id, question_id, score, title, image_url, order_char, create_time) VALUES (785, 166, 0, '坚定持有，长期看好', '', 'A', '2024-07-06 18:27:27');
INSERT INTO answer_info (id, question_id, score, title, image_url, order_char, create_time) VALUES (786, 166, 3, '只在有行情的时候交易', '', 'B', '2024-07-06 18:27:27');
INSERT INTO answer_info (id, question_id, score, title, image_url, order_char, create_time) VALUES (787, 166, 0, '高频每日交易，绝不错过任何机会', '', 'C', '2024-07-06 18:27:27');
INSERT INTO answer_info (id, question_id, score, title, image_url, order_char, create_time) VALUES (788, 166, 0, '不赚钱不卖出', '', 'D', '2024-07-06 18:27:27');
INSERT INTO answer_info (id, question_id, score, title, image_url, order_char, create_time) VALUES (789, 167, 3, '认同', '', 'A', '2024-07-06 18:28:32');
INSERT INTO answer_info (id, question_id, score, title, image_url, order_char, create_time) VALUES (790, 167, 0, '不认同', '', 'B', '2024-07-06 18:28:32');
INSERT INTO answer_info (id, question_id, score, title, image_url, order_char, create_time) VALUES (791, 168, 1, '确定性重要', '', 'A', '2024-07-06 18:29:45');
INSERT INTO answer_info (id, question_id, score, title, image_url, order_char, create_time) VALUES (792, 168, 2, '容错性重要', '', 'B', '2024-07-06 18:29:45');
INSERT INTO answer_info (id, question_id, score, title, image_url, order_char, create_time) VALUES (793, 168, 3, '都重要', '', 'C', '2024-07-06 18:29:45');
INSERT INTO answer_info (id, question_id, score, title, image_url, order_char, create_time) VALUES (794, 168, 0, '都不重要', '', 'D', '2024-07-06 18:29:45');
INSERT INTO answer_info (id, question_id, score, title, image_url, order_char, create_time) VALUES (795, 169, 3, '有', '', 'A', '2024-07-06 18:33:00');
INSERT INTO answer_info (id, question_id, score, title, image_url, order_char, create_time) VALUES (796, 169, 0, '没有', '', 'B', '2024-07-06 18:33:00');
INSERT INTO answer_info (id, question_id, score, title, image_url, order_char, create_time) VALUES (797, 170, 0, '9999手', '', 'A', '2024-07-06 18:40:08');
INSERT INTO answer_info (id, question_id, score, title, image_url, order_char, create_time) VALUES (798, 170, 0, '十万手', '', 'B', '2024-07-06 18:40:08');
INSERT INTO answer_info (id, question_id, score, title, image_url, order_char, create_time) VALUES (799, 170, 0, '五万手', '', 'C', '2024-07-06 18:40:08');
INSERT INTO answer_info (id, question_id, score, title, image_url, order_char, create_time) VALUES (800, 170, 1, '一万手', '', 'D', '2024-07-06 18:40:08');
INSERT INTO answer_info (id, question_id, score, title, image_url, order_char, create_time) VALUES (801, 171, 0, '会', '', 'A', '2024-07-06 18:50:30');
INSERT INTO answer_info (id, question_id, score, title, image_url, order_char, create_time) VALUES (802, 171, 5, '不会', '', 'B', '2024-07-06 18:50:30');
INSERT INTO answer_info (id, question_id, score, title, image_url, order_char, create_time) VALUES (803, 172, 0, '是', '', 'A', '2024-07-06 18:56:25');
INSERT INTO answer_info (id, question_id, score, title, image_url, order_char, create_time) VALUES (804, 172, 5, '否', '', 'B', '2024-07-06 18:56:25');
INSERT INTO answer_info (id, question_id, score, title, image_url, order_char, create_time) VALUES (807, 96, 5, '五年以上', '', 'D', '2024-07-07 21:36:46');
INSERT INTO answer_info (id, question_id, score, title, image_url, order_char, create_time) VALUES (808, 98, 3, '总是', '', 'C', '2024-07-07 21:39:42');
INSERT INTO answer_info (id, question_id, score, title, image_url, order_char, create_time) VALUES (809, 99, 1, '超短线交易，偶尔空仓', '', 'C', '2024-07-07 21:42:08');
INSERT INTO answer_info (id, question_id, score, title, image_url, order_char, create_time) VALUES (810, 99, 0, '永远满仓', '', 'D', '2024-07-07 21:42:08');
INSERT INTO answer_info (id, question_id, score, title, image_url, order_char, create_time) VALUES (811, 100, 5, '肯定分仓，控制回撤，但很少超过5支股票', '', 'C', '2024-07-07 21:48:07');
INSERT INTO answer_info (id, question_id, score, title, image_url, order_char, create_time) VALUES (812, 100, 1, '账户至少二十支股票起步', '', 'D', '2024-07-07 21:48:07');
INSERT INTO answer_info (id, question_id, score, title, image_url, order_char, create_time) VALUES (813, 105, 0, '当自己有持仓股票时会复盘', '', 'C', '2024-07-07 21:54:55');
INSERT INTO answer_info (id, question_id, score, title, image_url, order_char, create_time) VALUES (814, 105, 0, '从不复盘', '', 'D', '2024-07-07 21:54:55');
INSERT INTO answer_info (id, question_id, score, title, image_url, order_char, create_time) VALUES (815, 106, 0, '自己没有完全把握时重仓买入会有焦虑', '', 'C', '2024-07-07 21:59:01');
INSERT INTO answer_info (id, question_id, score, title, image_url, order_char, create_time) VALUES (816, 106, 5, '交易模式内的重仓，胜负交给市场，无需焦虑', '', 'D', '2024-07-07 21:59:01');
INSERT INTO answer_info (id, question_id, score, title, image_url, order_char, create_time) VALUES (817, 111, 3, '很少，当自己不确定行情的时候会听听他们的看法', '', 'C', '2024-07-07 22:04:53');
INSERT INTO answer_info (id, question_id, score, title, image_url, order_char, create_time) VALUES (818, 111, 1, '就一帮产业链，从来不听', '', 'D', '2024-07-07 22:04:54');
INSERT INTO answer_info (id, question_id, score, title, image_url, order_char, create_time) VALUES (819, 113, 0, '很少会选择交易', '', 'C', '2024-07-07 22:08:02');
INSERT INTO answer_info (id, question_id, score, title, image_url, order_char, create_time) VALUES (820, 113, 5, '从不进行认知以外的交易', '', 'D', '2024-07-07 22:08:02');
INSERT INTO answer_info (id, question_id, score, title, image_url, order_char, create_time) VALUES (821, 116, 0, '很少，运气好才会有', '', 'C', '2024-07-07 22:13:20');
INSERT INTO answer_info (id, question_id, score, title, image_url, order_char, create_time) VALUES (822, 116, 0, '没有', '', 'D', '2024-07-07 22:13:20');
INSERT INTO answer_info (id, question_id, score, title, image_url, order_char, create_time) VALUES (823, 122, 2, 'A股里是有庄股存在的，但合力的股票不是庄家所能控制的', '', 'C', '2024-07-07 22:25:30');
INSERT INTO answer_info (id, question_id, score, title, image_url, order_char, create_time) VALUES (824, 123, 1, '在我的认知里不存在操控这种说法', '', 'C', '2024-07-07 22:27:29');
INSERT INTO answer_info (id, question_id, score, title, image_url, order_char, create_time) VALUES (825, 126, 3, '根据行情决定持有或卖出', '', 'C', '2024-07-07 22:33:08');
INSERT INTO answer_info (id, question_id, score, title, image_url, order_char, create_time) VALUES (826, 127, 0, '总在做T', '', 'D', '2024-07-07 22:35:37');
INSERT INTO answer_info (id, question_id, score, title, image_url, order_char, create_time) VALUES (827, 131, 3, '当确定行情并符合自己的模式一定会', '', 'C', '2024-07-07 22:42:15');
INSERT INTO answer_info (id, question_id, score, title, image_url, order_char, create_time) VALUES (828, 134, 1, '根据行情临时决定', '', 'C', '2024-07-07 22:44:50');
INSERT INTO answer_info (id, question_id, score, title, image_url, order_char, create_time) VALUES (829, 136, 1, '没有买打板神器', '', 'C', '2024-07-07 22:47:42');
INSERT INTO answer_info (id, question_id, score, title, image_url, order_char, create_time) VALUES (830, 136, 0, '不知道什么是打板神器', '', 'D', '2024-07-07 22:47:42');
INSERT INTO answer_info (id, question_id, score, title, image_url, order_char, create_time) VALUES (831, 155, 3, '不知道，有可能', '', 'C', '2024-07-07 23:02:40');
INSERT INTO answer_info (id, question_id, score, title, image_url, order_char, create_time) VALUES (832, 158, 0, 'A股没有垃圾股 、优质股之分', '', 'C', '2024-07-07 23:07:30');
INSERT INTO answer_info (id, question_id, score, title, image_url, order_char, create_time) VALUES (833, 158, 5, '在A股 ，行情在风口行情时猪都能飞，更何况垃圾股', '', 'D', '2024-07-07 23:07:30');
INSERT INTO answer_info (id, question_id, score, title, image_url, order_char, create_time) VALUES (834, 174, 1, '必然过万点', '', 'A', '2024-07-08 15:36:52');
INSERT INTO answer_info (id, question_id, score, title, image_url, order_char, create_time) VALUES (835, 174, 0, '上证过万点就像国足进世界杯一样渺茫', '', 'B', '2024-07-08 15:36:52');
INSERT INTO answer_info (id, question_id, score, title, image_url, order_char, create_time) VALUES (836, 175, 0, '提前猜测并坚持', '', 'A', '2024-07-08 15:39:04');
INSERT INTO answer_info (id, question_id, score, title, image_url, order_char, create_time) VALUES (837, 175, 3, '让市场来回答', '', 'B', '2024-07-08 15:39:04');
INSERT INTO answer_info (id, question_id, score, title, image_url, order_char, create_time) VALUES (838, 176, 0, '没感觉到', '', 'A', '2024-07-08 15:45:00');
INSERT INTO answer_info (id, question_id, score, title, image_url, order_char, create_time) VALUES (839, 176, 1, '偶尔可以感觉到', '', 'B', '2024-07-08 15:45:00');
INSERT INTO answer_info (id, question_id, score, title, image_url, order_char, create_time) VALUES (840, 176, 3, '可以感觉到，但不能确定', '', 'C', '2024-07-08 15:45:00');
INSERT INTO answer_info (id, question_id, score, title, image_url, order_char, create_time) VALUES (841, 176, 5, '总能感觉到，并且大多数时间是可以确定并正确的', '', 'D', '2024-07-08 15:45:00');
INSERT INTO answer_info (id, question_id, score, title, image_url, order_char, create_time) VALUES (842, 177, 0, '大A专治不服', '', 'A', '2024-07-08 15:47:35');
INSERT INTO answer_info (id, question_id, score, title, image_url, order_char, create_time) VALUES (843, 177, 1, '市场或许有反应时间', '', 'B', '2024-07-08 15:47:35');
INSERT INTO answer_info (id, question_id, score, title, image_url, order_char, create_time) VALUES (844, 177, 2, '消息不代表行情', '', 'C', '2024-07-08 15:47:35');
INSERT INTO answer_info (id, question_id, score, title, image_url, order_char, create_time) VALUES (845, 177, 5, '市场永远是对的，消息只是单一方面', '', 'D', '2024-07-08 15:47:35');
INSERT INTO answer_info (id, question_id, score, title, image_url, order_char, create_time) VALUES (846, 178, 0, '我是天选之子，必定会涨', '', 'A', '2024-07-08 15:50:22');
INSERT INTO answer_info (id, question_id, score, title, image_url, order_char, create_time) VALUES (847, 178, 3, '以前总会有这样的想法，但是现在已经克服', '', 'B', '2024-07-08 15:50:22');
INSERT INTO answer_info (id, question_id, score, title, image_url, order_char, create_time) VALUES (848, 179, 0, '我不可能离开股市', '', 'A', '2024-07-08 15:53:39');
INSERT INTO answer_info (id, question_id, score, title, image_url, order_char, create_time) VALUES (849, 179, 1, '离开一段时间，后面还会回来', '', 'B', '2024-07-08 15:53:39');
INSERT INTO answer_info (id, question_id, score, title, image_url, order_char, create_time) VALUES (850, 179, 3, '无所谓随时可以离开', '', 'C', '2024-07-08 15:53:39');
INSERT INTO answer_info (id, question_id, score, title, image_url, order_char, create_time) VALUES (851, 179, 5, '来去无感，舍与得之间平衡', '', 'D', '2024-07-08 15:53:39');
INSERT INTO answer_info (id, question_id, score, title, image_url, order_char, create_time) VALUES (852, 180, 0, '起诉打官司，弥补损失', '', 'A', '2024-07-08 15:58:32');
INSERT INTO answer_info (id, question_id, score, title, image_url, order_char, create_time) VALUES (853, 180, 0, '和大多数人一样在一些股票论坛里开骂', '', 'B', '2024-07-08 15:58:32');
INSERT INTO answer_info (id, question_id, score, title, image_url, order_char, create_time) VALUES (854, 180, 0, '躺平，不知道怎么办', '', 'C', '2024-07-08 15:58:32');
INSERT INTO answer_info (id, question_id, score, title, image_url, order_char, create_time) VALUES (855, 180, 1, '交易模式不可能持有这类股票，就算误买入，分仓控风险，也会将损失降到最低', '', 'D', '2024-07-08 15:58:32');
INSERT INTO answer_info (id, question_id, score, title, image_url, order_char, create_time) VALUES (856, 181, 0, '大A跟什么都没关系', '', 'A', '2024-07-08 15:59:58');
INSERT INTO answer_info (id, question_id, score, title, image_url, order_char, create_time) VALUES (857, 181, 1, '有关系', '', 'B', '2024-07-08 15:59:58');
INSERT INTO answer_info (id, question_id, score, title, image_url, order_char, create_time) VALUES (858, 182, 0, '没有什么特别代表的意思', '', 'A', '2024-07-08 16:04:12');
INSERT INTO answer_info (id, question_id, score, title, image_url, order_char, create_time) VALUES (859, 182, 1, '多看少动', '', 'B', '2024-07-08 16:04:12');
INSERT INTO answer_info (id, question_id, score, title, image_url, order_char, create_time) VALUES (860, 182, 5, '该停手的时候就停手，学会等待', '', 'C', '2024-07-08 16:04:12');
INSERT INTO answer_info (id, question_id, score, title, image_url, order_char, create_time) VALUES (861, 183, 5, '有', '', 'A', '2024-07-08 16:05:31');
INSERT INTO answer_info (id, question_id, score, title, image_url, order_char, create_time) VALUES (862, 183, 0, '没有', '', 'B', '2024-07-08 16:05:31');
INSERT INTO answer_info (id, question_id, score, title, image_url, order_char, create_time) VALUES (863, 184, 5, '有', '', 'A', '2024-07-08 16:07:17');
INSERT INTO answer_info (id, question_id, score, title, image_url, order_char, create_time) VALUES (864, 184, 0, '没有', '', 'B', '2024-07-08 16:07:17');
INSERT INTO answer_info (id, question_id, score, title, image_url, order_char, create_time) VALUES (865, 185, 3, '有', '', 'A', '2024-07-08 16:08:32');
INSERT INTO answer_info (id, question_id, score, title, image_url, order_char, create_time) VALUES (866, 185, 0, '没有', '', 'B', '2024-07-08 16:08:32');
INSERT INTO answer_info (id, question_id, score, title, image_url, order_char, create_time) VALUES (867, 186, 0, '资金量小好买好卖', '', 'A', '2024-07-08 16:16:46');
INSERT INTO answer_info (id, question_id, score, title, image_url, order_char, create_time) VALUES (868, 186, 1, '行情持续时关注最高连扳票', '', 'B', '2024-07-08 16:16:46');
INSERT INTO answer_info (id, question_id, score, title, image_url, order_char, create_time) VALUES (869, 186, 5, '在持续的主线里进出方便的核心票是首选', '', 'C', '2024-07-08 16:16:46');
INSERT INTO answer_info (id, question_id, score, title, image_url, order_char, create_time) VALUES (870, 186, 0, '不关注大成交量的票，因为涨的少', '', 'D', '2024-07-08 16:16:46');
INSERT INTO answer_info (id, question_id, score, title, image_url, order_char, create_time) VALUES (871, 187, 1, '是', '', 'A', '2024-07-08 16:23:00');
INSERT INTO answer_info (id, question_id, score, title, image_url, order_char, create_time) VALUES (872, 187, 0, '否', '', 'B', '2024-07-08 16:23:00');
INSERT INTO answer_info (id, question_id, score, title, image_url, order_char, create_time) VALUES (873, 188, 3, '是', '', 'A', '2024-07-08 16:26:06');
INSERT INTO answer_info (id, question_id, score, title, image_url, order_char, create_time) VALUES (874, 188, 0, '否', '', 'B', '2024-07-08 16:26:06');
INSERT INTO answer_info (id, question_id, score, title, image_url, order_char, create_time) VALUES (875, 189, 0, '有', '', 'A', '2024-07-08 16:30:25');
INSERT INTO answer_info (id, question_id, score, title, image_url, order_char, create_time) VALUES (876, 189, 1, '没用', '', 'B', '2024-07-08 16:30:25');
INSERT INTO answer_info (id, question_id, score, title, image_url, order_char, create_time) VALUES (877, 190, 3, '不会，我会一直寻找机会介入龙头', '', 'A', '2024-07-08 16:36:36');
INSERT INTO answer_info (id, question_id, score, title, image_url, order_char, create_time) VALUES (878, 190, 1, '行情火热持续，会考虑分仓买入一些跟风股', '', 'B', '2024-07-08 16:36:36');
INSERT INTO answer_info (id, question_id, score, title, image_url, order_char, create_time) VALUES (879, 190, 0, '在主线板块中找一个价位低的活跃股潜伏买入，等待上涨', '', 'C', '2024-07-08 16:36:36');
INSERT INTO answer_info (id, question_id, score, title, image_url, order_char, create_time) VALUES (880, 190, 3, '找主线成交量持续放大的大中军票介入', '', 'D', '2024-07-08 16:36:36');
INSERT INTO answer_info (id, question_id, score, title, image_url, order_char, create_time) VALUES (881, 191, 3, '有，扇过自己并进行总结', '', 'A', '2024-07-08 16:39:45');
INSERT INTO answer_info (id, question_id, score, title, image_url, order_char, create_time) VALUES (882, 191, 2, '深深的自责过', '', 'B', '2024-07-08 16:39:45');
INSERT INTO answer_info (id, question_id, score, title, image_url, order_char, create_time) VALUES (883, 191, 0, '没关系下一笔再挣回来', '', 'C', '2024-07-08 16:39:45');
INSERT INTO answer_info (id, question_id, score, title, image_url, order_char, create_time) VALUES (884, 192, 1, '有', '', 'A', '2024-07-08 16:40:34');
INSERT INTO answer_info (id, question_id, score, title, image_url, order_char, create_time) VALUES (885, 192, 0, '没有', '', 'B', '2024-07-08 16:40:34');
INSERT INTO answer_info (id, question_id, score, title, image_url, order_char, create_time) VALUES (886, 193, 0, '是', '', 'A', '2024-07-08 16:41:57');
INSERT INTO answer_info (id, question_id, score, title, image_url, order_char, create_time) VALUES (887, 193, 1, '否', '', 'B', '2024-07-08 16:41:57');
INSERT INTO answer_info (id, question_id, score, title, image_url, order_char, create_time) VALUES (888, 194, 1, '一定会存在关系', '', 'A', '2024-07-08 16:44:36');
INSERT INTO answer_info (id, question_id, score, title, image_url, order_char, create_time) VALUES (889, 194, 0, '大A跟什么都没关系', '', 'B', '2024-07-08 16:44:36');
INSERT INTO answer_info (id, question_id, score, title, image_url, order_char, create_time) VALUES (890, 194, 3, '具体市场状态具体分析', '', 'C', '2024-07-08 16:44:36');
INSERT INTO answer_info (id, question_id, score, title, image_url, order_char, create_time) VALUES (891, 194, 5, '市场永远是对的，不存在必然关系', '', 'D', '2024-07-08 16:44:36');
INSERT INTO answer_info (id, question_id, score, title, image_url, order_char, create_time) VALUES (892, 195, -5, '连续交易挽回损失', '', 'A', '2024-07-08 16:46:58');
INSERT INTO answer_info (id, question_id, score, title, image_url, order_char, create_time) VALUES (893, 195, 0, '坚持持有等反弹', '', 'B', '2024-07-08 16:46:58');
INSERT INTO answer_info (id, question_id, score, title, image_url, order_char, create_time) VALUES (894, 195, 5, '立即止损，并且空仓一段时间冷静', '', 'C', '2024-07-08 16:46:58');
INSERT INTO answer_info (id, question_id, score, title, image_url, order_char, create_time) VALUES (895, 195, 0, '销户走人', '', 'D', '2024-07-08 16:46:58');
INSERT INTO answer_info (id, question_id, score, title, image_url, order_char, create_time) VALUES (896, 196, 5, '交易是天底下最差的差事，也是天底下最棒的差事，深深挚爱', '', 'A', '2024-07-08 16:52:50');
INSERT INTO answer_info (id, question_id, score, title, image_url, order_char, create_time) VALUES (897, 196, 0, '认栽出局，再也不回来 ', '', 'B', '2024-07-08 16:52:50');
INSERT INTO answer_info (id, question_id, score, title, image_url, order_char, create_time) VALUES (898, 197, 6, '是的', '', 'A', '2024-07-16 11:50:32');
INSERT INTO answer_info (id, question_id, score, title, image_url, order_char, create_time) VALUES (899, 197, 3, '不一定', '', 'B', '2024-07-16 11:50:32');
INSERT INTO answer_info (id, question_id, score, title, image_url, order_char, create_time) VALUES (900, 197, 0, '不是的', '', 'C', '2024-07-16 11:50:32');
INSERT INTO answer_info (id, question_id, score, title, image_url, order_char, create_time) VALUES (901, 198, 6, '和从前相仿', '', 'A', '2024-07-16 11:51:30');
INSERT INTO answer_info (id, question_id, score, title, image_url, order_char, create_time) VALUES (902, 198, 3, '不一定', '', 'B', '2024-07-16 11:51:30');
INSERT INTO answer_info (id, question_id, score, title, image_url, order_char, create_time) VALUES (903, 198, 0, '和从前不一样', '', 'C', '2024-07-16 11:51:30');
INSERT INTO answer_info (id, question_id, score, title, image_url, order_char, create_time) VALUES (904, 199, 6, '不是的', '', 'A', '2024-07-16 11:52:34');
INSERT INTO answer_info (id, question_id, score, title, image_url, order_char, create_time) VALUES (905, 199, 3, '不一定', '', 'B', '2024-07-16 11:52:34');
INSERT INTO answer_info (id, question_id, score, title, image_url, order_char, create_time) VALUES (906, 199, 0, '是的', '', 'C', '2024-07-16 11:52:34');
INSERT INTO answer_info (id, question_id, score, title, image_url, order_char, create_time) VALUES (907, 200, 6, '不是的', '', 'A', '2024-07-16 12:19:58');
INSERT INTO answer_info (id, question_id, score, title, image_url, order_char, create_time) VALUES (908, 200, 3, '不一定', '', 'B', '2024-07-16 12:19:58');
INSERT INTO answer_info (id, question_id, score, title, image_url, order_char, create_time) VALUES (909, 200, 0, '是的
', '', 'C', '2024-07-16 12:19:58');
INSERT INTO answer_info (id, question_id, score, title, image_url, order_char, create_time) VALUES (910, 201, 6, '从未如此', '', 'A', '2024-07-16 12:27:18');
INSERT INTO answer_info (id, question_id, score, title, image_url, order_char, create_time) VALUES (911, 201, 3, '偶尔如此', '', 'B', '2024-07-16 12:27:18');
INSERT INTO answer_info (id, question_id, score, title, image_url, order_char, create_time) VALUES (912, 201, 0, '有时如此', '', 'C', '2024-07-16 12:27:18');
INSERT INTO answer_info (id, question_id, score, title, image_url, order_char, create_time) VALUES (913, 202, 6, '我仍能专心工作 ', '', 'A', '2024-07-16 12:28:56');
INSERT INTO answer_info (id, question_id, score, title, image_url, order_char, create_time) VALUES (914, 202, 3, '  介于A、C之间', '', 'B', '2024-07-16 12:28:56');
INSERT INTO answer_info (id, question_id, score, title, image_url, order_char, create_time) VALUES (915, 202, 0, '我不能专心且感到愤怒', '', 'C', '2024-07-16 12:28:56');
INSERT INTO answer_info (id, question_id, score, title, image_url, order_char, create_time) VALUES (916, 203, 6, '是的', '', 'A', '2024-07-16 12:30:38');
INSERT INTO answer_info (id, question_id, score, title, image_url, order_char, create_time) VALUES (917, 203, 3, '不一定', '', 'B', '2024-07-16 12:30:38');
INSERT INTO answer_info (id, question_id, score, title, image_url, order_char, create_time) VALUES (918, 203, 0, '不是的', '', 'C', '2024-07-16 12:30:38');
INSERT INTO answer_info (id, question_id, score, title, image_url, order_char, create_time) VALUES (919, 204, 6, '是的', '', 'A', '2024-07-16 12:31:36');
INSERT INTO answer_info (id, question_id, score, title, image_url, order_char, create_time) VALUES (920, 204, 3, '不一定', '', 'B', '2024-07-16 12:31:36');
INSERT INTO answer_info (id, question_id, score, title, image_url, order_char, create_time) VALUES (921, 204, 0, '不是的', '', 'C', '2024-07-16 12:31:36');
INSERT INTO answer_info (id, question_id, score, title, image_url, order_char, create_time) VALUES (922, 205, 6, '是的', '', 'A', '2024-07-16 12:32:20');
INSERT INTO answer_info (id, question_id, score, title, image_url, order_char, create_time) VALUES (923, 205, 3, '介于A和C之间', '', 'B', '2024-07-16 12:32:20');
INSERT INTO answer_info (id, question_id, score, title, image_url, order_char, create_time) VALUES (924, 205, 0, '不是的', '', 'C', '2024-07-16 12:32:20');
INSERT INTO answer_info (id, question_id, score, title, image_url, order_char, create_time) VALUES (925, 206, 5, '是的', '', 'A', '2024-07-16 12:33:06');
INSERT INTO answer_info (id, question_id, score, title, image_url, order_char, create_time) VALUES (926, 206, 2, '介于A和C之间', '', 'B', '2024-07-16 12:33:06');
INSERT INTO answer_info (id, question_id, score, title, image_url, order_char, create_time) VALUES (927, 206, 0, '不是的', '', 'C', '2024-07-16 12:33:06');
INSERT INTO answer_info (id, question_id, score, title, image_url, order_char, create_time) VALUES (928, 207, 5, '是的', '', 'A', '2024-07-16 12:33:44');
INSERT INTO answer_info (id, question_id, score, title, image_url, order_char, create_time) VALUES (929, 207, 2, '不太确定', '', 'B', '2024-07-16 12:33:44');
INSERT INTO answer_info (id, question_id, score, title, image_url, order_char, create_time) VALUES (930, 207, 0, '不是的', '', 'C', '2024-07-16 12:33:44');
INSERT INTO answer_info (id, question_id, score, title, image_url, order_char, create_time) VALUES (931, 208, 5, '极易入睡', '', 'A', '2024-07-16 12:34:37');
INSERT INTO answer_info (id, question_id, score, title, image_url, order_char, create_time) VALUES (932, 208, 2, '介于A和C之间', '', 'B', '2024-07-16 12:34:37');
INSERT INTO answer_info (id, question_id, score, title, image_url, order_char, create_time) VALUES (933, 208, 0, '不易入睡', '', 'C', '2024-07-16 12:34:37');
INSERT INTO answer_info (id, question_id, score, title, image_url, order_char, create_time) VALUES (934, 209, 5, '不露声色', '', 'A', '2024-07-16 12:35:55');
INSERT INTO answer_info (id, question_id, score, title, image_url, order_char, create_time) VALUES (935, 209, 2, '介于A和C之间', '', 'B', '2024-07-16 12:35:55');
INSERT INTO answer_info (id, question_id, score, title, image_url, order_char, create_time) VALUES (936, 209, 0, '大声抗议，以泄己愤', '', 'C', '2024-07-16 12:35:55');
INSERT INTO answer_info (id, question_id, score, title, image_url, order_char, create_time) VALUES (937, 210, 5, '不是的', '', 'A', '2024-07-16 12:36:34');
INSERT INTO answer_info (id, question_id, score, title, image_url, order_char, create_time) VALUES (938, 210, 2, '介于A和C之间', '', 'B', '2024-07-16 12:36:34');
INSERT INTO answer_info (id, question_id, score, title, image_url, order_char, create_time) VALUES (939, 210, 0, '是的', '', 'C', '2024-07-16 12:36:34');
INSERT INTO answer_info (id, question_id, score, title, image_url, order_char, create_time) VALUES (940, 211, 5, '不是的', '', 'A', '2024-07-16 12:37:31');
INSERT INTO answer_info (id, question_id, score, title, image_url, order_char, create_time) VALUES (941, 211, 2, '介于A和C之间', '', 'B', '2024-07-16 12:37:31');
INSERT INTO answer_info (id, question_id, score, title, image_url, order_char, create_time) VALUES (942, 211, 0, '是的', '', 'C', '2024-07-16 12:37:31');
INSERT INTO answer_info (id, question_id, score, title, image_url, order_char, create_time) VALUES (943, 212, 5, '不是的', '', 'A', '2024-07-16 12:38:26');
INSERT INTO answer_info (id, question_id, score, title, image_url, order_char, create_time) VALUES (944, 212, 2, '不太确定', '', 'B', '2024-07-16 12:38:26');
INSERT INTO answer_info (id, question_id, score, title, image_url, order_char, create_time) VALUES (945, 212, 0, '是的', '', 'C', '2024-07-16 12:38:26');
INSERT INTO answer_info (id, question_id, score, title, image_url, order_char, create_time) VALUES (946, 213, 5, '从来没有', '', 'A', '2024-07-16 12:40:03');
INSERT INTO answer_info (id, question_id, score, title, image_url, order_char, create_time) VALUES (947, 213, 2, '偶尔有过', '', 'B', '2024-07-16 12:40:03');
INSERT INTO answer_info (id, question_id, score, title, image_url, order_char, create_time) VALUES (948, 213, 0, '这是常有的事', '', 'C', '2024-07-16 12:40:03');
INSERT INTO answer_info (id, question_id, score, title, image_url, order_char, create_time) VALUES (949, 214, 5, '没有', '', 'A', '2024-07-16 12:40:52');
INSERT INTO answer_info (id, question_id, score, title, image_url, order_char, create_time) VALUES (950, 214, 2, '记不清', '', 'B', '2024-07-16 12:40:52');
INSERT INTO answer_info (id, question_id, score, title, image_url, order_char, create_time) VALUES (951, 214, 0, '有', '', 'C', '2024-07-16 12:40:52');
INSERT INTO answer_info (id, question_id, score, title, image_url, order_char, create_time) VALUES (952, 215, 5, '没有', '', 'A', '2024-07-16 12:41:50');
INSERT INTO answer_info (id, question_id, score, title, image_url, order_char, create_time) VALUES (953, 215, 2, '记不清', '', 'B', '2024-07-16 12:41:50');
INSERT INTO answer_info (id, question_id, score, title, image_url, order_char, create_time) VALUES (954, 215, 0, '有', '', 'C', '2024-07-16 12:41:50');
INSERT INTO answer_info (id, question_id, score, title, image_url, order_char, create_time) VALUES (955, 216, 5, '从来没有想过', '', 'A', '2024-07-16 12:42:41');
INSERT INTO answer_info (id, question_id, score, title, image_url, order_char, create_time) VALUES (956, 216, 2, '偶尔想到过', '', 'B', '2024-07-16 12:42:41');
INSERT INTO answer_info (id, question_id, score, title, image_url, order_char, create_time) VALUES (957, 216, 0, '经常想到', '', 'C', '2024-07-16 12:42:41');
INSERT INTO answer_info (id, question_id, score, title, image_url, order_char, create_time) VALUES (958, 217, 5, '否', '', 'A', '2024-07-16 12:43:26');
INSERT INTO answer_info (id, question_id, score, title, image_url, order_char, create_time) VALUES (959, 217, 2, '说不清楚', '', 'B', '2024-07-16 12:43:26');
INSERT INTO answer_info (id, question_id, score, title, image_url, order_char, create_time) VALUES (960, 217, 0, '是', '', 'C', '2024-07-16 12:43:26');
INSERT INTO answer_info (id, question_id, score, title, image_url, order_char, create_time) VALUES (961, 218, 5, '否', '', 'A', '2024-07-16 12:44:15');
INSERT INTO answer_info (id, question_id, score, title, image_url, order_char, create_time) VALUES (962, 218, 2, '说不清楚', '', 'B', '2024-07-16 12:44:15');
INSERT INTO answer_info (id, question_id, score, title, image_url, order_char, create_time) VALUES (963, 218, 0, '是', '', 'C', '2024-07-16 12:44:15');
INSERT INTO answer_info (id, question_id, score, title, image_url, order_char, create_time) VALUES (964, 219, 5, '否', '', 'A', '2024-07-16 12:44:55');
INSERT INTO answer_info (id, question_id, score, title, image_url, order_char, create_time) VALUES (965, 219, 2, '偶尔是', '', 'B', '2024-07-16 12:44:55');
INSERT INTO answer_info (id, question_id, score, title, image_url, order_char, create_time) VALUES (966, 219, 0, '是', '', 'C', '2024-07-16 12:44:55');
INSERT INTO answer_info (id, question_id, score, title, image_url, order_char, create_time) VALUES (967, 220, 5, '否', '', 'A', '2024-07-16 12:45:28');
INSERT INTO answer_info (id, question_id, score, title, image_url, order_char, create_time) VALUES (968, 220, 2, '偶尔是', '', 'B', '2024-07-16 12:45:28');
INSERT INTO answer_info (id, question_id, score, title, image_url, order_char, create_time) VALUES (969, 220, 0, '是', '', 'C', '2024-07-16 12:45:28');
INSERT INTO answer_info (id, question_id, score, title, image_url, order_char, create_time) VALUES (970, 221, 5, '否', '', 'A', '2024-07-16 12:46:06');
INSERT INTO answer_info (id, question_id, score, title, image_url, order_char, create_time) VALUES (971, 221, 2, '偶尔是', '', 'B', '2024-07-16 12:46:06');
INSERT INTO answer_info (id, question_id, score, title, image_url, order_char, create_time) VALUES (972, 221, 0, '是', '', 'C', '2024-07-16 12:46:06');
INSERT INTO answer_info (id, question_id, score, title, image_url, order_char, create_time) VALUES (973, 222, 0, '是', '', 'A', '2024-07-16 12:46:53');
INSERT INTO answer_info (id, question_id, score, title, image_url, order_char, create_time) VALUES (974, 222, 5, '否', '', 'B', '2024-07-16 12:46:53');
INSERT INTO answer_info (id, question_id, score, title, image_url, order_char, create_time) VALUES (975, 223, 0, '是', '', 'A', '2024-07-16 12:47:15');
INSERT INTO answer_info (id, question_id, score, title, image_url, order_char, create_time) VALUES (976, 223, 5, '否', '', 'B', '2024-07-16 12:47:15');
INSERT INTO answer_info (id, question_id, score, title, image_url, order_char, create_time) VALUES (977, 224, 0, '是', '', 'A', '2024-07-16 12:47:36');
INSERT INTO answer_info (id, question_id, score, title, image_url, order_char, create_time) VALUES (978, 224, 5, '否', '', 'B', '2024-07-16 12:47:36');
INSERT INTO answer_info (id, question_id, score, title, image_url, order_char, create_time) VALUES (979, 225, 0, '是', '', 'A', '2024-07-16 12:47:57');
INSERT INTO answer_info (id, question_id, score, title, image_url, order_char, create_time) VALUES (980, 225, 5, '否', '', 'B', '2024-07-16 12:47:57');
INSERT INTO answer_info (id, question_id, score, title, image_url, order_char, create_time) VALUES (981, 226, 1, '从不', '', 'A', '2024-07-16 12:48:54');
INSERT INTO answer_info (id, question_id, score, title, image_url, order_char, create_time) VALUES (982, 226, 2, '几乎不', '', 'B', '2024-07-16 12:48:54');
INSERT INTO answer_info (id, question_id, score, title, image_url, order_char, create_time) VALUES (983, 226, 3, '一半时间', '', 'C', '2024-07-16 12:48:54');
INSERT INTO answer_info (id, question_id, score, title, image_url, order_char, create_time) VALUES (984, 226, 4, '大多数时间', '', 'D', '2024-07-16 12:48:54');
INSERT INTO answer_info (id, question_id, score, title, image_url, order_char, create_time) VALUES (985, 226, 5, '总是', '', 'E', '2024-07-16 12:48:54');
INSERT INTO answer_info (id, question_id, score, title, image_url, order_char, create_time) VALUES (986, 227, 1, '从不', '', 'A', '2024-07-16 12:49:36');
INSERT INTO answer_info (id, question_id, score, title, image_url, order_char, create_time) VALUES (987, 227, 2, '几乎不', '', 'B', '2024-07-16 12:49:36');
INSERT INTO answer_info (id, question_id, score, title, image_url, order_char, create_time) VALUES (988, 227, 3, '一半时间', '', 'C', '2024-07-16 12:49:36');
INSERT INTO answer_info (id, question_id, score, title, image_url, order_char, create_time) VALUES (989, 227, 4, '大多数时间', '', 'D', '2024-07-16 12:49:36');
INSERT INTO answer_info (id, question_id, score, title, image_url, order_char, create_time) VALUES (990, 227, 5, '总是', '', 'E', '2024-07-16 12:49:36');
INSERT INTO answer_info (id, question_id, score, title, image_url, order_char, create_time) VALUES (991, 228, 1, '从不', '', 'A', '2024-07-16 12:50:19');
INSERT INTO answer_info (id, question_id, score, title, image_url, order_char, create_time) VALUES (992, 228, 2, '几乎不', '', 'B', '2024-07-16 12:50:19');
INSERT INTO answer_info (id, question_id, score, title, image_url, order_char, create_time) VALUES (993, 228, 3, '一半时间', '', 'C', '2024-07-16 12:50:19');
INSERT INTO answer_info (id, question_id, score, title, image_url, order_char, create_time) VALUES (994, 228, 4, '大多数时间', '', 'D', '2024-07-16 12:50:19');
INSERT INTO answer_info (id, question_id, score, title, image_url, order_char, create_time) VALUES (995, 228, 5, '总是', '', 'E', '2024-07-16 12:50:19');
INSERT INTO answer_info (id, question_id, score, title, image_url, order_char, create_time) VALUES (996, 229, 1, '从不', '', 'A', '2024-07-16 12:51:00');
INSERT INTO answer_info (id, question_id, score, title, image_url, order_char, create_time) VALUES (997, 229, 2, '几乎不', '', 'B', '2024-07-16 12:51:00');
INSERT INTO answer_info (id, question_id, score, title, image_url, order_char, create_time) VALUES (998, 229, 3, '一半时间', '', 'C', '2024-07-16 12:51:00');
INSERT INTO answer_info (id, question_id, score, title, image_url, order_char, create_time) VALUES (999, 229, 4, '大多数时间', '', 'D', '2024-07-16 12:51:00');
INSERT INTO answer_info (id, question_id, score, title, image_url, order_char, create_time) VALUES (1000, 229, 5, '总是', '', 'E', '2024-07-16 12:51:00');
